EMP_ID, FNAME, LNAME, NAME_LF, NAME_FL, COMPANY, SSN, LAST_UPD, STR_TS_ISO, STR_TS_UK, STR_TS_US
1,Adam,Turnbull,"Turnbull, Adam",Adam Turnbull,"  0-In Design Automation, Inc.",123-00-8765,,00:00.0,1/1/1930,1/1/1930
2,Aditya,Chauhan,"Chauhan, Aditya",Aditya Chauhan,"1-800 CONTACTS, INC.",124-01-8764,,01:00.0,2/2/1930,2/2/1930
3,Adrian,Lewis,"Lewis, Adrian",Adrian Lewis,"1-800-ATTORNEY, Inc.",125-02-8763,,02:00.0,3/3/1930,3/3/1930
4,Ahimanikya,Satapathy,"Satapathy, Ahimanikya",Ahimanikya Satapathy,"1-800-FLOWERS.COM, Inc.",126-03-8762,,03:00.0,4/4/1931,4/4/1931
5,Akash,Agarwal,"Agarwal, Akash",Akash Agarwal,1-800-GOT-JUNK? LLC,127-04-8761,,04:00.0,5/5/1931,5/5/1931
6,Alan,Davies,"Davies, Alan",Alan Davies,01 Communique Laboratory Inc.,128-05-8760,,05:00.0,6/6/1931,6/6/1931
7,Alan,Scott,"Scott, Alan",Alan Scott,"1-Day Paint & Body Centers, Inc.",129-06-8759,,06:00.0,7/7/1931,7/7/1931
8,Albert,Amar,"Amar, Albert",Albert Amar,1E Limited,130-07-8758,,07:00.0,8/8/1932,8/8/1932
9,Albert,Hernandez,"Hernandez, Albert",Albert Hernandez,"1mage Software, Inc.",131-08-8757,,08:00.0,9/9/1932,9/9/1932
10,Alby,Creevey,"Creevey, Alby",Alby Creevey,1st Centennial Bancorp,132-09-8756,,09:00.0,10/10/1932,10/10/1932
11,Alex,Andrianopoulos,"Andrianopoulos, Alex",Alex Andrianopoulos,"1st Colonial Bancorp, Inc.",133-10-8755,,10:00.0,11/11/1932,11/11/1932
12,Alex,Demetriades,"Demetriades, Alex",Alex Demetriades,1st Communications Limited,134-11-8754,,11:00.0,12/12/1933,12/12/1933
13,Alex,Fomitchev,"Fomitchev, Alex",Alex Fomitchev,1st Constitution Bancorp,135-12-8753,,12:00.0,13-01-1933,1/13/1933
14,Alexander,Fung,"Fung, Alexander",Alexander Fung,1st Dental Laboratories PLC,136-13-8752,,13:00.0,14-02-1933,2/14/1933
15,Alexander,Rist,"Rist, Alexander",Alexander Rist,1st Franklin Financial Corporation,137-14-8751,,14:00.0,15-03-1933,3/15/1933
16,Alexandra,Ehrhardt,"Ehrhardt, Alexandra",Alexandra Ehrhardt,"1st Independence Financial Group, Inc.",138-15-8750,,15:00.0,16-04-1934,4/16/1934
17,Alexandre,Coutsouradis,"Coutsouradis, Alexandre",Alexandre Coutsouradis,1st Silicon (Malaysia) Sdn. Bhd.,139-16-8749,,16:00.0,17-05-1934,5/17/1934
18,Ali,Hakim,"Hakim, Ali",Ali Hakim,1st Source Corporation,789-17-8748,,17:00.0,18-06-1934,6/18/1934
19,Alice,Abramyan,"Abramyan, Alice",Alice Abramyan,"1st State Bancorp, Inc.",790-18-8747,,18:00.0,19-07-1934,7/19/1934
20,Alice,Khosravy,"Khosravy, Alice",Alice Khosravy,1stWorks Corporation,791-19-8746,,19:00.0,20-08-1935,8/20/1935
21,Alison,Kettlewell,"Kettlewell, Alison",Alison Kettlewell,"1to1 Contact Centers, Inc.",792-20-8745,,20:00.0,21-09-1935,9/21/1935
22,Allen,Brodjeski,"Brodjeski, Allen",Allen Brodjeski,II-VI Incorporated,793-21-8744,,21:00.0,22-10-1935,10/22/1935
23,Allen,Lovett,"Lovett, Allen",Allen Lovett,2 Travel Group PLC,794-22-8743,,22:00.0,23-11-1936,11/23/1936
24,Alvin,Valerio,"Valerio, Alvin",Alvin Valerio,"2AB, Inc.",795-23-8742,,23:00.0,24-12-1936,12/24/1936
25,Alyson,Becker,"Becker, Alyson",Alyson Becker,"2b interactive, inc.",796-99-8741,,24:09.0,25-01-1936,1/25/1936
26,Amoor,Avakian,"Avakian, Amoor",Amoor Avakian,"2logical, Inc.",797-98-8740,,25:09.0,26-02-1936,2/26/1936
27,Amrish,Lal,"Lal, Amrish",Amrish Lal,"2nd Swing, Inc.",798-97-8739,,26:09.0,27-03-1937,3/27/1937
28,Amy,Casey,Casey Amy,Amy Casey,   2Wire Inc.,99-96-8738,,27:09.0,28-04-1937,4/28/1937
29,Amy,Kelling,"Kelling, Amy",Amy Kelling,3C Software,800-95-8737,,28:09.0,29-05-1937,5/29/1937
30,Amy,McLaughlin,"McLaughlin, Amy",Amy McLaughlin,3CI Complete Compliance Corporation,801-94-8736,,29:09.0,30-06-1937,6/30/1937
31,Ananth,Arunachalam,"Arunachalam, Ananth",Ananth Arunachalam,3Com Corporation,802-93-8735,,30:09.0,31-07-1938,7/31/1938
32,Ananth,Arunachalam test,"Arunachalam test, Ananth",Ananth Arunachalam test,3D Nature LLC,803-92-8734,,31:09.0,1/8/1938,8/1/1938
33,Andrea,Spilholtz,"Spilholtz, Andrea",Andrea Spilholtz,3D Systems Corporation,804-91-8733,,32:09.0,2/9/1938,9/2/1938
34,Andrea,Williams,"Williams, Andrea",Andrea Williams,"3Dlabs Inc., Ltd.",805-90-8732,,33:09.0,3/10/1938,10/3/1938
35,Andreas,Bremer,"Bremer, Andreas",Andreas Bremer,3DM Worldwide plc,806-89-8731,,34:09.0,4/11/1939,11/4/1939
36,Andreas,Egloff,"Egloff, Andreas",Andreas Egloff,3dOnThe.Net Inc.,807-88-8730,,35:09.0,5/12/1939,12/5/1939
37,Andrew,Hopkinson,"Hopkinson, Andrew",Andrew Hopkinson,3DSP Corporation,808-87-8729,,36:09.0,6/1/1939,1/6/1939
38,Andrew,Knight,"Knight, Andrew",Andrew Knight,"3E Company, Inc.",809-86-8728,,37:09.0,7/2/1939,2/7/1939
39,Andrew,Powell,"Powell, Andrew",Andrew Powell,3H Technology L.L.C.,810-85-8727,,38:09.0,8/3/1940,3/8/1940
40,Andrew,Ruff,"Ruff, Andrew",Andrew Ruff,3i Group plc,811-84-8726,,39:09.0,9/4/1940,4/9/1940
41,Andrew,Spangler,"Spangler, Andrew",Andrew Spangler,3M Company,812-83-8725,,40:09.0,10/5/1940,5/10/1940
42,Andrew,Stearns,"Stearns, Andrew",Andrew Stearns,3M Health Information Systems,813-82-8724,,41:09.0,11/6/1940,6/11/1940
43,Andrew,Walker,"Walker, Andrew",Andrew Walker,"3M Precision Optics, Inc.",814-81-8723,,42:09.0,12/7/1941,7/12/1941
44,Andy,Aroditis,"Aroditis, Andy",Andy Aroditis,3M United Kingdom PLC,815-80-8722,,43:09.0,13-08-1941,8/13/1941
45,Andy,Balchin,"Balchin, Andy",Andy Balchin,"3PARdata, Inc.",816-79-8721,,44:09.0,14-09-1941,9/14/1941
46,Andy,Klein,"Klein, Andy",Andy Klein,"3Si Holdings, Inc.",817-78-8720,,45:09.0,15-10-1941,10/15/1941
47,Andy,Loh,"Loh, Andy",Andy Loh,"3W Cyber Logistics, Inc.",818-77-8719,,46:09.0,16-11-1942,11/16/1942
48,Angela,Lomeli,"Lomeli, Angela",Angela Lomeli,"3Ware, Inc.",819-76-8718,,47:09.0,17-12-1942,12/17/1942
49,Anil,Patil,"Patil, Anil",Anil Patil,"4 Seasons Fireplace & Patio, Inc.",820-75-8717,,48:09.0,18-01-1942,1/18/1942
50,Anjanette,Collaso,"Collaso, Anjanette",Anjanette Collaso,4B's Restaurants Inc.,821-74-8716,,49:09.1,19-02-1942,2/19/1942
51,Ann,Williams Mary,"Williams Mary, Ann",Ann Williams Mary,4-D Neuroimaging,822-73-8715,,50:09.1,20-03-1943,3/20/1943
52,Ann-Marie,Flanigan,"Flanigan, Ann-Marie",Ann-Marie Flanigan,4Developers LLC,823-72-8714,,51:09.1,21-04-1943,4/21/1943
53,Annette,Keetin,"Keetin, Annette",Annette Keetin,"4Front Systems, Inc.",824-71-8713,,52:09.1,22-05-1943,5/22/1943
54,Annette,Ovens,"Ovens, Annette",Annette Ovens,4Imprint Group Plc,825-70-8712,,53:09.1,23-06-1943,6/23/1943
55,Annette,Tomlinson,"Tomlinson, Annette",Annette Tomlinson,"4Kids Entertainment, Inc.",826-69-8711,,54:09.1,24-07-1944,7/24/1944
56,Anu,Pujji,"Pujji, Anu",Anu Pujji,The 4Less Group plc,827-68-8710,,55:09.1,25-08-1944,8/25/1944
57,Arnaud,Decarsin,"Decarsin, Arnaud",Arnaud Decarsin,"4Life Research, LC",828-67-8709,,56:09.1,26-09-1944,9/26/1944
58,Art,Chwalek,"Chwalek, Art",Art Chwalek,4th Wave Inc.,829-66-8708,,57:09.1,27-10-1945,10/27/1945
59,Art,Ramos,"Ramos, Art",Art Ramos,5 & Diner Franchise Corporation,830-65-8707,,58:09.1,28-11-1945,11/28/1945
60,Arthur,Lathrop,"Lathrop, Arthur",Arthur Lathrop,5 by 5 Software Ventures Ltd.,831-64-8706,,59:09.1,29-12-1945,12/29/1945
61,Arun,Shrestha,"Shrestha, Arun",Arun Shrestha,5Banc Split Inc.,832-63-8705,,00:09.1,30-01-1945,1/30/1945
63,Bala,Balakumaran,"Balakumaran, Bala",Bala Balakumaran,"5G Wireless Communications, Inc.",834-61-8703,,02:09.1,1/3/1946,3/1/1946
64,Barbara,Chamberlain,"Chamberlain, Barbara",Barbara Chamberlain,5Square Systems Corporation,835-60-8702,,03:09.1,2/4/1946,4/2/1946
65,Barry,Plaga,"Plaga, Barry",Barry Plaga,5W Public Relations,836-59-8701,,04:09.1,3/5/1946,5/3/1946
66,Barry,Robella,"Robella, Barry",Barry Robella,"7-Eleven, Inc.",837-58-8700,,05:09.1,4/6/1947,6/4/1947
67,Ben,Hahn,"Hahn, Ben",Ben Hahn,8D Technologies Inc.,838-57-8699,,06:09.1,5/7/1947,7/5/1947
68,Benjamin,Ho,"Ho, Benjamin",Benjamin Ho,8e6 Technologies,839-56-8698,,07:09.1,6/8/1947,8/6/1947
69,Bernard,Durken,"Durken, Bernard",Bernard Durken,"8x8, Inc.",840-55-8697,,08:09.1,7/9/1947,9/7/1947
70,Bhatt,Vadlamani,"Vadlamani, Bhatt",Bhatt Vadlamani,"10-K Wizard Technology, LLC",841-54-8696,,09:09.1,8/10/1948,10/8/1948
71,Biddle,Kimberly,"Kimberly, Biddle",Biddle Kimberly,"20-20 Technologies, Inc.",842-53-8695,,10:09.1,9/11/1948,11/9/1948
72,Biddle ,Kimberly,"Kimberly, Biddle ",Biddle  Kimberly,21 Carrot,843-52-8694,,11:09.1,10/12/1948,12/10/1948
73,Bobby,Breland,"Breland, Bobby",Bobby Breland,21st Century Holding Company,844-51-8693,,12:09.1,11/1/1948,1/11/1948
74,Brian,Gebbie,"Gebbie, Brian",Brian Gebbie,21st Century Insurance Group,845-50-8692,,13:09.1,12/2/1949,2/12/1949
75,Brian,Johns,"Johns, Brian",Brian Johns,"21st Century Security, Inc.",846-49-8691,,14:45.1,13-03-1949,3/13/1949
76,Brian,Stich,"Stich, Brian",Brian Stich,"21st Century Technologies, Inc.",847-48-8690,,15:45.1,14-04-1949,4/14/1949
77,Brice,Jarvi,"Jarvi, Brice",Brice Jarvi,"21st Century Toys, Inc.",848-47-8689,,16:45.1,15-05-1949,5/15/1949
78,Brigitte,van Bladel,"van Bladel, Brigitte",Brigitte van Bladel,23airmail,849-46-8688,,17:45.1,16-06-1950,6/16/1950
79,Bruce,Hamman,"Hamman, Bruce",Bruce Hamman,24/7 Customer Inc.,850-45-8687,,18:45.1,17-07-1950,7/17/1950
80,Bruce,Marquardt,"Marquardt, Bruce",Bruce Marquardt,"24/7 Real Media, Inc.",851-44-8686,,19:45.1,18-08-1950,8/18/1950
81,Bryan,Carter,"Carter, Bryan",Bryan Carter,24 Hour Fitness Worldwide Inc.,852-43-8685,,20:45.1,19-09-1950,9/19/1950
82,Bryan,Claar,"Claar, Bryan",Bryan Claar,24 Seven Inc.,853-42-8684,,21:45.1,20-10-1951,10/20/1951
83,Bryan,Tu,"Tu, Bryan",Bryan Tu,"51job, Inc.",854-41-8683,,22:45.1,21-11-1951,11/21/1951
84,Calvin,Kuo,"Kuo, Calvin",Calvin Kuo,84 Lumber Company,855-40-8682,,23:45.1,22-12-1951,12/22/1951
85,Carl,Davies,"Davies, Carl",Carl Davies,"99 Cent Stuff, Inc.",856-39-8681,,24:45.1,23-01-1951,1/23/1951
86,Carl,Michael,"Michael, Carl",Carl Michael,99 Cents Only Stores,857-38-8680,,25:45.1,24-02-1952,2/24/1952
87,Carlos,Tavera,"Tavera, Carlos",Carlos Tavera,101communications LLC,858-37-8679,,26:45.1,25-03-1952,3/25/1952
88,Carlos,Valcarcel,"Valcarcel, Carlos",Carlos Valcarcel,"123Greetings.com, Inc.",859-36-8678,,27:45.1,26-04-1952,4/26/1952
89,Carol,Thom,"Thom, Carol",Carol Thom,141 Worldwide,860-35-8677,,28:45.1,27-05-1952,5/27/1952
90,Carolyn,Gray,"Gray, Carolyn",Carolyn Gray,"170 Systems, Inc.",861-34-8676,,29:45.1,28-06-1953,6/28/1953
91,Catherine,Cleversley,"Cleversley, Catherine",Catherine Cleversley,180 Connect Inc.,862-33-8675,,30:45.1,29-07-1953,7/29/1953
92,Cauwenberge Yves,Van,"Van, Cauwenberge Yves",Cauwenberge Yves Van,"180s, LLC",863-32-8674,,31:45.1,30-08-1953,8/30/1953
94,Charles,Gerlach,"Gerlach, Charles",Charles Gerlach,"360Commerce, Inc.",865-30-8672,,33:45.1,1/10/1954,10/1/1954
95,Charles,Woods,"Woods, Charles",Charles Woods,"360i.com, Inc.",866-29-8671,,34:45.1,2/11/1954,11/2/1954
96,Charles,Ye,"Ye, Charles",Charles Ye,360networks Corporation,867-28-8670,,35:45.1,3/12/1954,12/3/1954
97,Charles,Zhu,"Zhu, Charles",Charles Zhu,The 401(k) Company,868-27-8669,,36:45.1,4/1/1955,1/4/1955
98,Charlotte,Schillings,"Schillings, Charlotte",Charlotte Schillings,454 Life Sciences,869-26-8668,,37:45.1,5/2/1955,2/5/1955
99,Charlotte,Tomlinson,"Tomlinson, Charlotte",Charlotte Tomlinson,The 600 Group PLC,870-25-8667,,38:45.1,6/3/1955,3/6/1955
100,Charm,Hayes,"Hayes, Charm",Charm Hayes,724 Solutions Inc.,871-24-8666,,1955-02-34 03:39:45.100,7/4/1955,4/7/1955
101,Chen-Kuo,Huang,"Huang, Chen-Kuo",Chen-Kuo Huang,"  S. Abraham & Sons, Inc.",872-23-8665,,40:45.1,8/5/1956,5/8/1956
102,Cheryl,Kaczmarek,"Kaczmarek, Cheryl",Cheryl Kaczmarek, S. Jennings Ltd.,873-22-8664,,41:45.1,9/6/1956,6/9/1956
103,Chihab,Messaoud,"Messaoud, Chihab",Chihab Messaoud, S1 Corporation,874-21-8663,,42:45.1,10/7/1956,7/10/1956
104,Chris,Draper,"Draper, Chris",Chris Draper," S2 Systems, Incorporated",875-20-8662,,43:45.1,11/8/1956,8/11/1956
105,Chris,England,"England, Chris",Chris England," S2 Technologies, L.L.C.",876-19-8661,,44:45.1,,9/12/1957
106,Chris,Lehman,"Lehman, Chris",Chris Lehman," S3 Investment Company, Inc.",877-18-8660,,45:45.1,13-10-1957,10/13/1957
107,Chris,Martinez,"Martinez, Chris",Chris Martinez, Saab AB,878-17-8659,,46:45.1,14-11-1957,11/14/1957
108,Christian,Mirasol,"Mirasol, Christian",Christian Mirasol, Saab Automobile AB,879-16-8658,,00:00.0,1/1/1930,1/1/1930
109,Christopher,Draper,"Draper, Christopher",Christopher Draper,"  0-In Design Automation, Inc.",880-15-8657,,01:00.0,2/2/1930,2/2/1930
110,Christopher,Ross-Mason,"Ross-Mason, Christopher",Christopher Ross-Mason,"1-800 CONTACTS, INC.",881-14-8656,,02:00.0,3/3/1930,3/3/1930
111,Chuck,Allen,"Allen, Chuck",Chuck Allen,"1-800-ATTORNEY, Inc.",882-13-8655,,03:00.0,4/4/1931,4/4/1931
112,Chuck,Gerlach,"Gerlach, Chuck",Chuck Gerlach,"1-800-FLOWERS.COM, Inc.",883-12-8654,,04:00.0,5/5/1931,5/5/1931
113,Cian,Kennedy,"Kennedy, Cian",Cian Kennedy,1-800-GOT-JUNK? LLC,884-11-8653,,05:00.0,6/6/1931,6/6/1931
114,Clare,Robson,"Robson, Clare",Clare Robson,01 Communique Laboratory Inc.,885-10-8652,,06:00.0,7/7/1931,7/7/1931
115,Colff Rasmus,vander,"vander, Colff Rasmus",Colff Rasmus vander,"1-Day Paint & Body Centers, Inc.",886-09-8651,,07:00.0,8/8/1932,8/8/1932
116,Colin,Starr,"Starr, Colin",Colin Starr,1E Limited,887-08-8650,,08:00.0,9/9/1932,9/9/1932
117,Cora,Iberkleid,"Iberkleid, Cora",Cora Iberkleid,"1mage Software, Inc.",888-07-8649,,09:00.0,10/10/1932,10/10/1932
118,Craig,Brannan,"Brannan, Craig",Craig Brannan,1st Centennial Bancorp,889-06-8648,,10:00.0,11/11/1932,11/11/1932
119,Craig,Brewer,"Brewer, Craig",Craig Brewer,"1st Colonial Bancorp, Inc.",890-05-8647,,11:00.0,12/12/1933,12/12/1933
120,Craig,Frey,"Frey, Craig",Craig Frey,1st Communications Limited,891-04-8646,,12:00.0,13-01-1933,1/13/1933
121,Craig,Maxwell,"Maxwell, Craig",Craig Maxwell,1st Constitution Bancorp,892-03-8645,,13:00.0,14-02-1933,2/14/1933
122,Craig,Parks,"Parks, Craig",Craig Parks,1st Dental Laboratories PLC,893-02-8644,,14:00.0,15-03-1933,3/15/1933
123,Cynthia,Cauley,"Cauley, Cynthia",Cynthia Cauley,1st Franklin Financial Corporation,894-01-8643,,15:00.0,16-04-1934,4/16/1934
124,Cynthia,Hicks,"Hicks, Cynthia",Cynthia Hicks,"1st Independence Financial Group, Inc.",895-00-8642,,16:00.0,17-05-1934,5/17/1934
125,Dale,Baguhn,"Baguhn, Dale",Dale Baguhn,1st Silicon (Malaysia) Sdn. Bhd.,896-01-8641,,17:00.0,18-06-1934,6/18/1934
126,Damien,Zaharija,"Zaharija, Damien",Damien Zaharija,1st Source Corporation,897-02-8640,,18:00.0,19-07-1934,7/19/1934
127,Damon,Carter,"Carter, Damon",Damon Carter,"1st State Bancorp, Inc.",898-03-8639,,19:00.0,20-08-1935,8/20/1935
128,Dan,Kocks,"Kocks, Dan",Dan Kocks,1stWorks Corporation,899-04-8638,,20:00.0,21-09-1935,9/21/1935
129,Dan,Rounds,"Rounds, Dan",Dan Rounds,"1to1 Contact Centers, Inc.",900-05-8637,,21:00.0,22-10-1935,10/22/1935
130,Dan,Vacca,"Vacca, Dan",Dan Vacca,II-VI Incorporated,901-06-8636,,22:00.0,23-11-1936,11/23/1936
131,Dani,Hoenemier,"Hoenemier, Dani",Dani Hoenemier,2 Travel Group PLC,902-07-8635,,23:00.0,24-12-1936,12/24/1936
132,Daniel,Bannister,"Bannister, Daniel",Daniel Bannister,"2AB, Inc.",903-08-8634,,24:09.0,25-01-1936,1/25/1936
133,Daniel,Chou,"Chou, Daniel",Daniel Chou,"2b interactive, inc.",904-09-8633,,25:09.0,26-02-1936,2/26/1936
134,Daniel,Cidon,"Cidon, Daniel",Daniel Cidon,"2logical, Inc.",905-10-8632,,26:09.0,27-03-1937,3/27/1937
135,Daniel,Kocks,"Kocks, Daniel",Daniel Kocks,"2nd Swing, Inc.",906-11-8631,,27:09.0,28-04-1937,4/28/1937
136,Daniel,Luongo,"Luongo, Daniel",Daniel Luongo,"2Wire, Inc.",907-12-8630,,28:09.0,29-05-1937,5/29/1937
137,Daniel,Osers,"Osers, Daniel",Daniel Osers,3C Software,908-13-8629,,29:09.0,30-06-1937,6/30/1937
138,Daniel,Sagalowicz,"Sagalowicz, Daniel",Daniel Sagalowicz,3CI Complete Compliance Corporation,909-14-8628,,30:09.0,31-07-1938,7/31/1938
139,Danilo,Gurovich,"Gurovich, Danilo",Danilo Gurovich,3Com Corporation,910-15-8627,,31:09.0,1/8/1938,8/1/1938
140,Dao,Tran,"Tran, Dao",Dao Tran,3D Nature LLC,911-16-8626,,32:09.0,2/9/1938,9/2/1938
141,Darrell,Mauldin,"Mauldin, Darrell",Darrell Mauldin,3D Systems Corporation,912-17-8625,,33:09.0,3/10/1938,10/3/1938
142,Darren,McCoy,"McCoy, Darren",Darren McCoy,"3Dlabs Inc., Ltd.",913-18-8624,,34:09.0,4/11/1939,11/4/1939
143,Darren,Robinson,"Robinson, Darren",Darren Robinson,3DM Worldwide plc,914-19-8623,,35:09.0,5/12/1939,12/5/1939
144,Dave,McConnell,"McConnell, Dave",Dave McConnell,3dOnThe.Net Inc.,915-20-8622,,36:09.0,6/1/1939,1/6/1939
145,David,Arena,"Arena, David",David Arena,3DSP Corporation,916-21-8621,,37:09.0,7/2/1939,2/7/1939
146,David,Barney,"Barney, David",David Barney,"3E Company, Inc.",917-22-8620,,38:09.0,8/3/1940,3/8/1940
147,David,Bennett,"Bennett, David",David Bennett,3H Technology L.L.C.,918-23-8619,,39:09.0,9/4/1940,4/9/1940
148,David,Codelli,"Codelli, David",David Codelli,3i Group plc,919-24-8618,,40:09.0,10/5/1940,5/10/1940
149,David,Diegtel,"Diegtel, David",David Diegtel,3M Company,920-25-8617,,41:09.0,11/6/1940,6/11/1940
150,David,Edmiston,"Edmiston, David",David Edmiston,3M Health Information Systems,921-26-8616,,42:09.0,12/7/1941,7/12/1941
151,David,Fergie,"Fergie, David",David Fergie,"3M Precision Optics, Inc.",922-27-8615,,43:09.0,13-08-1941,8/13/1941
152,David,Gilbert,"Gilbert, David",David Gilbert,3M United Kingdom PLC,923-28-8614,,44:09.0,14-09-1941,9/14/1941
153,David,Goldstein,"Goldstein, David",David Goldstein,"3PARdata, Inc.",924-29-8613,,45:09.0,15-10-1941,10/15/1941
154,David,Hensley,"Hensley, David",David Hensley,"3Si Holdings, Inc.",925-30-8612,,46:09.0,16-11-1942,11/16/1942
155,David,Huang,"Huang, David",David Huang,"3W Cyber Logistics, Inc.",926-31-8611,,47:09.0,17-12-1942,12/17/1942
156,David,Johnson,"Johnson, David",David Johnson,"3Ware, Inc.",927-32-8610,,48:09.0,18-01-1942,1/18/1942
157,David,Kirk,"Kirk, David",David Kirk,"4 Seasons Fireplace & Patio, Inc.",928-33-8609,,49:09.1,19-02-1942,2/19/1942
158,David,LaSalle,"LaSalle, David",David LaSalle,4B's Restaurants Inc.,929-34-8608,,50:09.1,20-03-1943,3/20/1943
159,David,Lynch,"Lynch, David",David Lynch,4-D Neuroimaging,930-35-8607,,51:09.1,21-04-1943,4/21/1943
160,David,Palermo,"Palermo, David",David Palermo,4Developers LLC,931-36-8606,,52:09.1,22-05-1943,5/22/1943
161,David,Partridge,"Partridge, David",David Partridge,"4Front Systems, Inc.",932-37-8605,,53:09.1,23-06-1943,6/23/1943
162,David,Peh,"Peh, David",David Peh,4Imprint Group Plc,933-38-8604,,54:09.1,24-07-1944,7/24/1944
163,David,Raya,"Raya, David",David Raya,"4Kids Entertainment, Inc.",934-39-8603,,55:09.1,25-08-1944,8/25/1944
164,David,Stawinski,"Stawinski, David",David Stawinski,The 4Less Group plc,935-40-8602,,56:09.1,26-09-1944,9/26/1944
165,David,Sugarman,"Sugarman, David",David Sugarman,"4Life Research, LC",936-41-8601,,57:09.1,27-10-1945,10/27/1945
166,David,Todd,"Todd, David",David Todd,4th Wave Inc.,937-42-8600,,58:09.1,28-11-1945,11/28/1945
167,Dawn,Pavis,"Pavis, Dawn",Dawn Pavis,5 & Diner Franchise Corporation,938-43-8599,,59:09.1,29-12-1945,12/29/1945
168,Dean,Hansen,"Hansen, Dean",Dean Hansen,5 by 5 Software Ventures Ltd.,939-44-8598,,00:09.1,30-01-1945,1/30/1945
170,Deborah,Currier,"Currier, Deborah",Deborah Currier,"5by5 Networks, Incorporated",941-46-8596,,02:09.1,1/3/1946,3/1/1946
171,Dee,Carraher,"Carraher, Dee",Dee Carraher,"5G Wireless Communications, Inc.",942-47-8595,,03:09.1,2/4/1946,4/2/1946
172,DeeAnna,Pittman,"Pittman, DeeAnna",DeeAnna Pittman,5Square Systems Corporation,943-48-8594,,04:09.1,3/5/1946,5/3/1946
173,Delia,Wang,"Wang, Delia",Delia Wang,5W Public Relations,944-49-8593,,05:09.1,4/6/1947,6/4/1947
174,Derek,Walker,"Walker, Derek",Derek Walker,"7-Eleven, Inc.",945-50-8592,,06:09.1,5/7/1947,7/5/1947
175,Dianne,Anstine,"Anstine, Dianne",Dianne Anstine,8D Technologies Inc.,946-51-8591,,07:09.1,6/8/1947,8/6/1947
176,Diem Marjo,Van,"Van, Diem Marjo",Diem Marjo Van,8e6 Technologies,947-52-8590,,08:09.1,7/9/1947,9/7/1947
177,Dominique,Pietrapiana,"Pietrapiana, Dominique",Dominique Pietrapiana,"8x8, Inc.",948-53-8589,,09:09.1,8/10/1948,10/8/1948
178,Domonic,Renda,"Renda, Domonic",Domonic Renda,"10-K Wizard Technology, LLC",949-54-8588,,10:09.1,9/11/1948,11/9/1948
179,Don,Bryant,"Bryant, Don",Don Bryant,"20-20 Technologies, Inc.",950-55-8587,,11:09.1,10/12/1948,12/10/1948
180,Dr.Hans-Ulrich,Koller,"Koller, Dr.Hans-Ulrich",Dr.Hans-Ulrich Koller,21 Carrot,951-56-8586,,12:09.1,11/1/1948,1/11/1948
181,Duncan,Arnold,"Arnold, Duncan",Duncan Arnold,21st Century Holding Company,952-57-8585,,13:09.1,12/2/1949,2/12/1949
182,Eberhard,Laible,"Laible, Eberhard",Eberhard Laible,21st Century Insurance Group,953-58-8584,,14:45.1,13-03-1949,3/13/1949
183,Ed,Sharpe,"Sharpe, Ed",Ed Sharpe,"21st Century Security, Inc.",954-59-8583,,15:45.1,14-04-1949,4/14/1949
184,Edward,Kimm,"Kimm, Edward",Edward Kimm,"21st Century Technologies, Inc.",955-60-8582,,16:45.1,15-05-1949,5/15/1949
185,Edwin,Khachatourian,"Khachatourian, Edwin",Edwin Khachatourian,"21st Century Toys, Inc.",956-61-8581,,17:45.1,16-06-1950,6/16/1950
186,Elaine,Donnelly,"Donnelly, Elaine",Elaine Donnelly,23airmail,957-62-8580,,18:45.1,17-07-1950,7/17/1950
187,Eli,Perlman,"Perlman, Eli",Eli Perlman,24/7 Customer Inc.,958-63-8579,,19:45.1,18-08-1950,8/18/1950
188,Elias,Kaczer,"Kaczer, Elias",Elias Kaczer,"24/7 Real Media, Inc.",959-64-8578,,20:45.1,19-09-1950,9/19/1950
189,Elizabeth,Earle,"Earle, Elizabeth",Elizabeth Earle,24 Hour Fitness Worldwide Inc.,960-65-8577,,21:45.1,20-10-1951,10/20/1951
190,Elizabeth,McCann,"McCann, Elizabeth",Elizabeth McCann,24 Seven Inc.,961-66-8576,,22:45.1,21-11-1951,11/21/1951
191,Ellen,Aquino,"Aquino, Ellen",Ellen Aquino,"51job, Inc.",962-67-8575,,23:45.1,22-12-1951,12/22/1951
192,Enrico,Lelina,"Lelina, Enrico",Enrico Lelina,84 Lumber Company,963-68-8574,,24:45.1,23-01-1951,1/23/1951
193,Eric,Williams,"Williams, Eric",Eric Williams,"99 Cent Stuff, Inc.",964-69-8573,,25:45.1,24-02-1952,2/24/1952
194,Erik,Racho,"Racho, Erik",Erik Racho,99 Cents Only Stores,965-70-8572,,26:45.1,25-03-1952,3/25/1952
195,Erlend,Asker,"Asker, Erlend",Erlend Asker,101communications LLC,966-71-8571,,27:45.1,26-04-1952,4/26/1952
196,Eugen,Gendelman,"Gendelman, Eugen",Eugen Gendelman,"123Greetings.com, Inc.",967-72-8570,,28:45.1,27-05-1952,5/27/1952
197,Fabio,Duarte,"Duarte, Fabio",Fabio Duarte,141 Worldwide,968-73-8569,,29:45.1,28-06-1953,6/28/1953
198,Fernando,Martinez,"Martinez, Fernando",Fernando Martinez,"170 Systems, Inc.",969-74-8568,,30:45.1,29-07-1953,7/29/1953
199,Frances,Kathriner,"Kathriner, Frances",Frances Kathriner,180 Connect Inc.,970-75-8567,,31:45.1,30-08-1953,8/30/1953
201,Frank,Ableson,"Ableson, Frank",Frank Ableson,"360 Youth, LLC",972-77-8565,,33:45.1,1/10/1954,10/1/1954
202,Frank,Fallon,"Fallon, Frank",Frank Fallon,"360Commerce, Inc.",973-78-8564,,34:45.1,2/11/1954,11/2/1954
203,Frank,Lacroix,"Lacroix, Frank",Frank Lacroix,"360i.com, Inc.",974-79-8563,,35:45.1,3/12/1954,12/3/1954
204,Frank,Rhodes,"Rhodes, Frank",Frank Rhodes,360networks Corporation,975-80-8562,,36:45.1,4/1/1955,1/4/1955
205,Frank,Ueno,"Ueno, Frank",Frank Ueno,The 401(k) Company,976-81-8561,,37:45.1,5/2/1955,2/5/1955
206,Fred,Aabedi,"Aabedi, Fred",Fred Aabedi,454 Life Sciences,977-82-8560,,38:45.1,6/3/1955,3/6/1955
207,Fred,Aabedi test,"Aabedi test, Fred",Fred Aabedi test,The 600 Group PLC,978-83-8559,,39:45.1,7/4/1955,4/7/1955
208,G.S.,Jha,"Jha, G.S.",G.S. Jha,724 Solutions Inc.,979-84-8558,,40:45.1,8/5/1956,5/8/1956
209,GS,Jha,"Jha, GS",GS Jha,"  S. Abraham & Sons, Inc.",980-85-8557,,41:45.1,9/6/1956,6/9/1956
210,Gabriel,Badescu,"Badescu, Gabriel",Gabriel Badescu, S. Jennings Ltd.,981-86-8556,,42:45.1,10/7/1956,7/10/1956
211,Gabrielle,Grimaud,"Grimaud, Gabrielle",Gabrielle Grimaud, S1 Corporation,982-87-8555,,43:45.1,11/8/1956,8/11/1956
212,Gail,Gottsabend,"Gottsabend, Gail",Gail Gottsabend," S2 Systems, Incorporated",983-88-8554,,44:45.1,12/9/1957,9/12/1957
213,Gail,Sasser,"Sasser, Gail",Gail Sasser," S2 Technologies, L.L.C.",984-89-8553,,45:45.1,13-10-1957,10/13/1957
214,Gary,Olacsi,"Olacsi, Gary",Gary Olacsi," S3 Investment Company, Inc.",985-90-8552,,46:45.1,14-11-1957,11/14/1957
215,Gary,Olson,"Olson, Gary",Gary Olson, Saab AB,986-91-8551,,00:00.0,1/1/1930,1/1/1930
216,Gary,Swatton,"Swatton, Gary",Gary Swatton, Saab Automobile AB,987-92-8550,,01:00.0,2/2/1930,2/2/1930
217,Gary,Zheng,"Zheng, Gary",Gary Zheng,"  0-In Design Automation, Inc.",988-93-8549,,02:00.0,3/3/1930,3/3/1930
218,Gautham,Palani,"Palani, Gautham",Gautham Palani,"1-800 CONTACTS, INC.",989-94-8548,,03:00.0,4/4/1931,4/4/1931
219,George,Medina,"Medina, George",George Medina,"1-800-ATTORNEY, Inc.",990-95-8547,,04:00.0,5/5/1931,5/5/1931
220,Geraldine,Whitt,"Whitt, Geraldine",Geraldine Whitt,"1-800-FLOWERS.COM, Inc.",991-96-8546,,05:00.0,6/6/1931,6/6/1931
221,Gerry,Mucha,"Mucha, Gerry",Gerry Mucha,1-800-GOT-JUNK? LLC,992-97-8545,,06:00.0,7/7/1931,7/7/1931
222,Gevik,Nalbandian,"Nalbandian, Gevik",Gevik Nalbandian,01 Communique Laboratory Inc.,993-98-8544,,07:00.0,8/8/1932,8/8/1932
223,Gillian,Burchell,"Burchell, Gillian",Gillian Burchell,"1-Day Paint & Body Centers, Inc.",994-99-8543,,08:00.0,9/9/1932,9/9/1932
224,Gino,Cesario,"Cesario, Gino",Gino Cesario,1E Limited,995-00-8542,,09:00.0,10/10/1932,10/10/1932
225,Girolamo Marco,De,"De, Girolamo Marco",Girolamo Marco De,"1mage Software, Inc.",996-01-8541,,10:00.0,11/11/1932,11/11/1932
226,Glenn,Harris,"Harris, Glenn",Glenn Harris,1st Centennial Bancorp,997-02-8540,,11:00.0,12/12/1933,12/12/1933
227,Govind,Seshadri,"Seshadri, Govind",Govind Seshadri,"1st Colonial Bancorp, Inc.",998-03-8539,,12:00.0,13-01-1933,1/13/1933
228,Graeme,Williams,"Williams, Graeme",Graeme Williams,1st Communications Limited,999-04-8538,,13:00.0,14-02-1933,2/14/1933
229,Greg,Corgain,"Corgain, Greg",Greg Corgain,1st Constitution Bancorp,000-105-8537,,14:00.0,15-03-1933,3/15/1933
230,Greg,Hotakov,"Hotakov, Greg",Greg Hotakov,1st Dental Laboratories PLC,001-106-8536,,15:00.0,16-04-1934,4/16/1934
231,Guido,Annaert,"Annaert, Guido",Guido Annaert,1st Franklin Financial Corporation,002-107-8535,,16:00.0,17-05-1934,5/17/1934
232,Gwenetta,Sarault,"Sarault, Gwenetta",Gwenetta Sarault,"1st Independence Financial Group, Inc.",003-108-8534,,17:00.0,18-06-1934,6/18/1934
233,Hans,Woolley,"Woolley, Hans",Hans Woolley,1st Silicon (Malaysia) Sdn. Bhd.,004-109-8533,,18:00.0,19-07-1934,7/19/1934
234,Hap,Hoffman,"Hoffman, Hap",Hap Hoffman,1st Source Corporation,005-110-8532,,19:00.0,20-08-1935,8/20/1935
235,Hari,Srihari,"Srihari, Hari",Hari Srihari,"1st State Bancorp, Inc.",006-111-8531,,20:00.0,21-09-1935,9/21/1935
236,Harish,Nanjundaswamy,"Nanjundaswamy, Harish",Harish Nanjundaswamy,1stWorks Corporation,007-112-8530,,21:00.0,22-10-1935,10/22/1935
237,Harish-B,Nanjundaswamy,"Nanjundaswamy, Harish-B",Harish-B Nanjundaswamy,"1to1 Contact Centers, Inc.",008-113-8529,,22:00.0,23-11-1936,11/23/1936
238,Harold,Roth,"Roth, Harold",Harold Roth,II-VI Incorporated,009-114-8528,,23:00.0,24-12-1936,12/24/1936
239,Harry,Gould,"Gould, Harry",Harry Gould,2 Travel Group PLC,010-115-8527,,24:09.0,25-01-1936,1/25/1936
240,Harry,Liu,"Liu, Harry",Harry Liu,"2AB, Inc.",011-116-8526,,25:09.0,26-02-1936,2/26/1936
241,Heather,Cassano,"Cassano, Heather",Heather Cassano,"2b interactive, inc.",012-117-8525,,26:09.0,27-03-1937,3/27/1937
242,Helen,Galluppi,"Galluppi, Helen",Helen Galluppi,"2logical, Inc.",013-118-8524,,27:09.0,28-04-1937,4/28/1937
243,Helen,Pavey,"Pavey, Helen",Helen Pavey,"2nd Swing, Inc.",014-119-8523,,28:09.0,29-05-1937,5/29/1937
244,Hemesh,Surana,"Surana, Hemesh",Hemesh Surana,"2Wire, Inc.",015-120-8522,,29:09.0,30-06-1937,6/30/1937
245,Henrick,Yau,"Yau, Henrick",Henrick Yau,3C Software,016-121-8521,,30:09.0,31-07-1938,7/31/1938
246,Henry,Shao,"Shao, Henry",Henry Shao,3CI Complete Compliance Corporation,017-122-8520,,31:09.0,1/8/1938,8/1/1938
247,Herbert,Gamble,"Gamble, Herbert",Herbert Gamble,3Com Corporation,018-123-8519,,32:09.0,2/9/1938,9/2/1938
248,Hitesh,Chavda,"Chavda, Hitesh",Hitesh Chavda,3D Nature LLC,019-124-8518,,33:09.0,3/10/1938,10/3/1938
249,Hitesh,Sanghvi,"Sanghvi, Hitesh",Hitesh Sanghvi,3D Systems Corporation,020-125-8517,,34:09.0,4/11/1939,11/4/1939
250,Holger,Paffrath,"Paffrath, Holger",Holger Paffrath,"3Dlabs Inc., Ltd.",021-126-8516,,35:09.0,5/12/1939,12/5/1939
251,Ian,Hill,"Hill, Ian",Ian Hill,3DM Worldwide plc,022-127-8515,,36:09.0,6/1/1939,1/6/1939
252,Ian,Howells,"Howells, Ian",Ian Howells,3dOnThe.Net Inc.,023-128-8514,,37:09.0,7/2/1939,2/7/1939
253,Ian,Jarvis,"Jarvis, Ian",Ian Jarvis,3DSP Corporation,024-129-8513,,38:09.0,8/3/1940,3/8/1940
254,Ibrahim,Alomari,"Alomari, Ibrahim",Ibrahim Alomari,"3E Company, Inc.",025-130-8512,,39:09.0,9/4/1940,4/9/1940
255,Irving,Corrales,"Corrales, Irving",Irving Corrales,3H Technology L.L.C.,026-131-8511,,40:09.0,10/5/1940,5/10/1940
256,Ivan,Hess,"Hess, Ivan",Ivan Hess,3i Group plc,027-132-8510,,41:09.0,11/6/1940,6/11/1940
257,Jack,Chan,"Chan, Jack",Jack Chan,3M Company,028-133-8509,,42:09.0,12/7/1941,7/12/1941
258,Jackie,Jeffries,"Jeffries, Jackie",Jackie Jeffries,3M Health Information Systems,029-134-8508,,43:09.0,13-08-1941,8/13/1941
259,Jacky,Chang,"Chang, Jacky",Jacky Chang,"3M Precision Optics, Inc.",030-135-8507,,44:09.0,14-09-1941,9/14/1941
260,Jacob,Varughese,"Varughese, Jacob",Jacob Varughese,3M United Kingdom PLC,031-136-8506,,45:09.0,15-10-1941,10/15/1941
261,Jacqueline,Lewis,"Lewis, Jacqueline",Jacqueline Lewis,"3PARdata, Inc.",032-137-8505,,46:09.0,16-11-1942,11/16/1942
262,James,Bond,"Bond, James",James Bond,"3Si Holdings, Inc.",033-138-8504,,47:09.0,17-12-1942,12/17/1942
263,James,Lee,"Lee, James",James Lee,"3W Cyber Logistics, Inc.",034-139-8503,,48:09.0,18-01-1942,1/18/1942
264,James,Shaw,"Shaw, James",James Shaw,"3Ware, Inc.",035-140-8502,,49:09.1,19-02-1942,2/19/1942
265,James,Spillman,"Spillman, James",James Spillman,"4 Seasons Fireplace & Patio, Inc.",036-141-8501,,50:09.1,20-03-1943,3/20/1943
266,James,Thomson,"Thomson, James",James Thomson,4B's Restaurants Inc.,037-142-8500,,51:09.1,21-04-1943,4/21/1943
267,James,Tran,"Tran, James",James Tran,4-D Neuroimaging,038-143-8499,,52:09.1,22-05-1943,5/22/1943
268,James,Tsai,"Tsai, James",James Tsai,4Developers LLC,039-144-8498,,53:09.1,23-06-1943,6/23/1943
269,Jana,Krause,"Krause, Jana",Jana Krause,"4Front Systems, Inc.",040-145-8497,,54:09.1,24-07-1944,7/24/1944
270,Janet,Green,"Green, Janet",Janet Green,4Imprint Group Plc,041-146-8496,,55:09.1,25-08-1944,8/25/1944
271,Janice,McKinnon,"McKinnon, Janice",Janice McKinnon,"4Kids Entertainment, Inc.",042-147-8495,,56:09.1,26-09-1944,9/26/1944
272,Janine,Diep,"Diep, Janine",Janine Diep,The 4Less Group plc,043-148-8494,,57:09.1,27-10-1945,10/27/1945
273,Janine,Ho,"Ho, Janine",Janine Ho,"4Life Research, LC",044-149-8493,,58:09.1,28-11-1945,11/28/1945
274,Janny,Kong,"Kong, Janny",Janny Kong,4th Wave Inc.,045-150-8492,,59:09.1,29-12-1945,12/29/1945
275,Jasmine,Zhang,"Zhang, Jasmine",Jasmine Zhang,5 & Diner Franchise Corporation,046-151-8491,,00:09.1,30-01-1945,1/30/1945
277,Jason,Young,"Young, Jason",Jason Young,5Banc Split Inc.,048-153-8489,,02:09.1,1/3/1946,3/1/1946
278,Jean-Francois,Scardigli,"Scardigli, Jean-Francois",Jean-Francois Scardigli,"5by5 Networks, Incorporated",049-154-8488,,03:09.1,2/4/1946,4/2/1946
279,Jean-Pierre,Roux,"Roux, Jean-Pierre",Jean-Pierre Roux,"5G Wireless Communications, Inc.",050-155-8487,,04:09.1,3/5/1946,5/3/1946
280,Jeff,Haber,"Haber, Jeff",Jeff Haber,5Square Systems Corporation,051-156-8486,,05:09.1,4/6/1947,6/4/1947
281,Jerry,Waldorf,"Waldorf, Jerry",Jerry Waldorf,5W Public Relations,052-157-8485,,06:09.1,5/7/1947,7/5/1947
282,Jesse,Lambeth,"Lambeth, Jesse",Jesse Lambeth,"7-Eleven, Inc.",053-158-8484,,07:09.1,6/8/1947,8/6/1947
283,Jim,Demetriades,"Demetriades, Jim",Jim Demetriades,8D Technologies Inc.,054-159-8483,,08:09.1,7/9/1947,9/7/1947
284,Jim,Spillman,"Spillman, Jim",Jim Spillman,8e6 Technologies,055-160-8482,,09:09.1,8/10/1948,10/8/1948
285,Jinjiang,Li,"Li, Jinjiang",Jinjiang Li,"8x8, Inc.",056-161-8481,,10:09.1,9/11/1948,11/9/1948
286,Joel,Saren,"Saren, Joel",Joel Saren,"10-K Wizard Technology, LLC",057-162-8480,,11:09.1,10/12/1948,12/10/1948
287,Johan,Hellstrom,"Hellstrom, Johan",Johan Hellstrom,"20-20 Technologies, Inc.",058-163-8479,,12:09.1,11/1/1948,1/11/1948
288,Johan,Pauwels,"Pauwels, Johan",Johan Pauwels,21 Carrot,059-164-8478,,13:09.1,12/2/1949,2/12/1949
289,John,Day,"Day, John",John Day,21st Century Holding Company,060-165-8477,,14:45.1,13-03-1949,3/13/1949
290,John,Jaster,"Jaster, John",John Jaster,21st Century Insurance Group,061-166-8476,,15:45.1,14-04-1949,4/14/1949
291,John,Kirian,"Kirian, John",John Kirian,"21st Century Security, Inc.",062-167-8475,,16:45.1,15-05-1949,5/15/1949
292,John,Martin,"Martin, John",John Martin,"21st Century Technologies, Inc.",063-168-8474,,17:45.1,16-06-1950,6/16/1950
293,Joi,Petrarca,"Petrarca, Joi",Joi Petrarca,"21st Century Toys, Inc.",064-169-8473,,18:45.1,17-07-1950,7/17/1950
294,Jon,Halvorsen,"Halvorsen, Jon",Jon Halvorsen,23airmail,065-170-8472,,19:45.1,18-08-1950,8/18/1950
295,Jonathan,Giron,"Giron, Jonathan",Jonathan Giron,24/7 Customer Inc.,066-171-8471,,20:45.1,19-09-1950,9/19/1950
296,Jonathan,Spiggle,"Spiggle, Jonathan",Jonathan Spiggle,"24/7 Real Media, Inc.",067-172-8470,,21:45.1,20-10-1951,10/20/1951
297,Jonelle,Barrera,"Barrera, Jonelle",Jonelle Barrera,24 Hour Fitness Worldwide Inc.,068-173-8469,,22:45.1,21-11-1951,11/21/1951
298,Joyce,Fernandez,"Fernandez, Joyce",Joyce Fernandez,24 Seven Inc.,069-174-8468,,23:45.1,22-12-1951,12/22/1951
299,Julian,Wallis-Towsey,"Wallis-Towsey, Julian",Julian Wallis-Towsey,"51job, Inc.",070-175-8467,,24:45.1,23-01-1951,1/23/1951
300,Julie,Hall,"Hall, Julie",Julie Hall,84 Lumber Company,071-176-8466,,25:45.1,24-02-1952,2/24/1952
301,Julie,Jiang,"Jiang, Julie",Julie Jiang,"99 Cent Stuff, Inc.",072-177-8465,,26:45.1,25-03-1952,3/25/1952
302,Julio,Serratos,"Serratos, Julio",Julio Serratos,99 Cents Only Stores,073-178-8464,,27:45.1,26-04-1952,4/26/1952
303,Kalpana,Patel,"Patel, Kalpana",Kalpana Patel,101communications LLC,074-179-8463,,28:45.1,27-05-1952,5/27/1952
304,Kami,Kotobi,"Kotobi, Kami",Kami Kotobi,"123Greetings.com, Inc.",075-180-8462,,29:45.1,28-06-1953,6/28/1953
305,Karen,Fuller,"Fuller, Karen",Karen Fuller,141 Worldwide,076-181-8461,,30:45.1,29-07-1953,7/29/1953
306,Karen,Melendrez,"Melendrez, Karen",Karen Melendrez,"170 Systems, Inc.",077-182-8460,,31:45.1,30-08-1953,8/30/1953
308,Karen,Yen,"Yen, Karen",Karen Yen,"180s, LLC",079-184-8458,,33:45.1,1/10/1954,10/1/1954
309,Karin,Uzan,"Uzan, Karin",Karin Uzan,"360 Youth, LLC",080-185-8457,,34:45.1,2/11/1954,11/2/1954
310,Kate,Mitchell,"Mitchell, Kate",Kate Mitchell,"360Commerce, Inc.",081-186-8456,,35:45.1,3/12/1954,12/3/1954
311,Katherine,Lewandowski,"Lewandowski, Katherine",Katherine Lewandowski,"360i.com, Inc.",082-187-8455,,36:45.1,4/1/1955,1/4/1955
312,Kathryn,Wickett,"Wickett, Kathryn",Kathryn Wickett,360networks Corporation,083-188-8454,,37:45.1,5/2/1955,2/5/1955
313,Kathy,Contratto,"Contratto, Kathy",Kathy Contratto,The 401(k) Company,084-189-8453,,38:45.1,6/3/1955,3/6/1955
314,Ken,Greaves,"Greaves, Ken",Ken Greaves,454 Life Sciences,085-190-8452,,39:45.1,7/4/1955,4/7/1955
315,Ken,Sivaraman,"Sivaraman, Ken",Ken Sivaraman,The 600 Group PLC,086-191-8451,,40:45.1,8/5/1956,5/8/1956
316,Kenneth,Kranz,"Kranz, Kenneth",Kenneth Kranz,724 Solutions Inc.,087-192-8450,,41:45.1,9/6/1956,6/9/1956
317,Kennis,Graham,"Graham, Kennis",Kennis Graham,"  S. Abraham & Sons, Inc.",088-193-8449,,42:45.1,10/7/1956,7/10/1956
318,Kenny,Chan,"Chan, Kenny",Kenny Chan, S. Jennings Ltd.,089-194-8448,,43:45.1,11/8/1956,8/11/1956
319,Kent,Kanouse,"Kanouse, Kent",Kent Kanouse, S1 Corporation,090-195-8447,,44:45.1,12/9/1957,9/12/1957
320,Kevin,Kao,"Kao, Kevin",Kevin Kao," S2 Systems, Incorporated",091-196-8446,,45:45.1,13-10-1957,10/13/1957
321,Kevin,Tregea,"Tregea, Kevin",Kevin Tregea," S2 Technologies, L.L.C.",092-197-8445,,46:45.1,14-11-1957,11/14/1957
322,Kim,Dimaano,"Dimaano, Kim",Kim Dimaano," S3 Investment Company, Inc.",093-198-8444,,00:00.0,1/1/1930,1/1/1930
323,Kim,Nash,"Nash, Kim",Kim Nash, Saab AB,094-199-8443,,01:00.0,2/2/1930,2/2/1930
324,Kim,Rysell,"Rysell, Kim",Kim Rysell, Saab Automobile AB,095-200-8442,,02:00.0,3/3/1930,3/3/1930
325,Kirstie,McHattan,"McHattan, Kirstie",Kirstie McHattan,"  0-In Design Automation, Inc.",096-201-8441,,03:00.0,4/4/1931,4/4/1931
326,Kitty,Backus,"Backus, Kitty",Kitty Backus,"1-800 CONTACTS, INC.",097-202-8440,,04:00.0,5/5/1931,5/5/1931
327,Kristi,Rawlinson,"Rawlinson, Kristi",Kristi Rawlinson,"1-800-ATTORNEY, Inc.",098-203-8439,,05:00.0,6/6/1931,6/6/1931
328,Kristine,Doizaki-Kato,"Doizaki-Kato, Kristine",Kristine Doizaki-Kato,"1-800-FLOWERS.COM, Inc.",099-204-8438,,06:00.0,7/7/1931,7/7/1931
329,Kumar,Sivaraman,"Sivaraman, Kumar",Kumar Sivaraman,1-800-GOT-JUNK? LLC,100-205-8437,,07:00.0,8/8/1932,8/8/1932
330,Kurt,Barndt,"Barndt, Kurt",Kurt Barndt,01 Communique Laboratory Inc.,101-206-8436,,08:00.0,9/9/1932,9/9/1932
331,Lalaine,Lam,"Lam, Lalaine",Lalaine Lam,"1-Day Paint & Body Centers, Inc.",102-207-8435,,09:00.0,10/10/1932,10/10/1932
332,Lance,Slippen,"Slippen, Lance",Lance Slippen,1E Limited,103-208-8434,,10:00.0,11/11/1932,11/11/1932
333,Larry,Harman,"Harman, Larry",Larry Harman,"1mage Software, Inc.",104-209-8433,,11:00.0,12/12/1933,12/12/1933
334,Lars,Oleson,"Oleson, Lars",Lars Oleson,1st Centennial Bancorp,105-210-8432,,12:00.0,13-01-1933,1/13/1933
335,Laurie,Stiver,"Stiver, Laurie",Laurie Stiver,"1st Colonial Bancorp, Inc.",106-211-8431,,13:00.0,14-02-1933,2/14/1933
336,Lawrence,Yu,"Yu, Lawrence",Lawrence Yu,1st Communications Limited,107-212-8430,,14:00.0,15-03-1933,3/15/1933
337,Lealon,Watts,"Watts, Lealon",Lealon Watts,1st Constitution Bancorp,108-213-8429,,15:00.0,16-04-1934,4/16/1934
338,Les,Marcum,"Marcum, Les",Les Marcum,1st Dental Laboratories PLC,109-214-8428,,16:00.0,17-05-1934,5/17/1934
339,Limin,Yang,"Yang, Limin",Limin Yang,1st Franklin Financial Corporation,110-215-8427,,17:00.0,18-06-1934,6/18/1934
340,Linda,Kennedy,"Kennedy, Linda",Linda Kennedy,"1st Independence Financial Group, Inc.",111-216-8426,,18:00.0,19-07-1934,7/19/1934
341,Linda,Withers,"Withers, Linda",Linda Withers,1st Silicon (Malaysia) Sdn. Bhd.,112-217-8425,,19:00.0,20-08-1935,8/20/1935
342,Lisa,Donetti,"Donetti, Lisa",Lisa Donetti,1st Source Corporation,113-218-8424,,20:00.0,21-09-1935,9/21/1935
343,Lisa,Joubert,"Joubert, Lisa",Lisa Joubert,"1st State Bancorp, Inc.",114-219-8423,,21:00.0,22-10-1935,10/22/1935
344,Lisa,Kost,"Kost, Lisa",Lisa Kost,1stWorks Corporation,115-220-8422,,22:00.0,23-11-1936,11/23/1936
345,Lisa,Zichella,"Zichella, Lisa",Lisa Zichella,"1to1 Contact Centers, Inc.",116-221-8421,,23:00.0,24-12-1936,12/24/1936
346,Lixin,Itang,"Itang, Lixin",Lixin Itang,II-VI Incorporated,117-222-8420,,24:09.0,25-01-1936,1/25/1936
347,Lixin,Tang,"Tang, Lixin",Lixin Tang,2 Travel Group PLC,118-223-8419,,25:09.0,26-02-1936,2/26/1936
348,Loren,Mack,"Mack, Loren",Loren Mack,"2AB, Inc.",119-224-8418,,26:09.0,27-03-1937,3/27/1937
349,Louis,Kraft,"Kraft, Louis",Louis Kraft,"2b interactive, inc.",120-225-8417,,27:09.0,28-04-1937,4/28/1937
350,Luigi,Covais,"Covais, Luigi",Luigi Covais,"2logical, Inc.",150-226-8416,,28:09.0,29-05-1937,5/29/1937
351,Luis,De Avila,"De Avila, Luis",Luis De Avila,"2nd Swing, Inc.",150-227-8415,,29:09.0,30-06-1937,6/30/1937
352,Luis,DeAvila,"DeAvila, Luis",Luis DeAvila,"2Wire, Inc.",150-228-8414,,30:09.0,31-07-1938,7/31/1938
353,Luis,Garcia,"Garcia, Luis",Luis Garcia,3C Software,150-229-8413,,31:09.0,1/8/1938,8/1/1938
354,Lye Heng,Chua,"Chua, Lye Heng",Lye Heng Chua,3CI Complete Compliance Corporation,150-230-8412,,32:09.0,2/9/1938,9/2/1938
355,Lye-Heng,Chua,"Chua, Lye-Heng",Lye-Heng Chua,3Com Corporation,150-231-8411,,33:09.0,3/10/1938,10/3/1938
356,Lynn,Berryessa,"Berryessa, Lynn",Lynn Berryessa,3D Nature LLC,150-232-8410,,34:09.0,4/11/1939,11/4/1939
357,MacKay,Jones,"Jones, MacKay",MacKay Jones,3D Systems Corporation,150-233-8409,,35:09.0,5/12/1939,12/5/1939
358,Malcolm,Kapp,"Kapp, Malcolm",Malcolm Kapp,"3Dlabs Inc., Ltd.",150-234-8408,,36:09.0,6/1/1939,1/6/1939
359,Manish,Chopra,"Chopra, Manish",Manish Chopra,3DM Worldwide plc,150-235-8407,,37:09.0,7/2/1939,2/7/1939
360,Marco,De Girolamo,"De Girolamo, Marco",Marco De Girolamo,3dOnThe.Net Inc.,150-236-8406,,38:09.0,8/3/1940,3/8/1940
361,Marco,DeGirolamo,"DeGirolamo, Marco",Marco DeGirolamo,3DSP Corporation,150-237-8405,,39:09.0,9/4/1940,4/9/1940
362,Marcos,Oliva,"Oliva, Marcos",Marcos Oliva,"3E Company, Inc.",150-238-8404,,40:09.0,10/5/1940,5/10/1940
363,Marcus,Webster,"Webster, Marcus",Marcus Webster,3H Technology L.L.C.,150-239-8403,,41:09.0,11/6/1940,6/11/1940
364,Margaret,Beuselinck,"Beuselinck, Margaret",Margaret Beuselinck,3i Group plc,150-240-8402,,42:09.0,12/7/1941,7/12/1941
365,Marguerite,Tracy,"Tracy, Marguerite",Marguerite Tracy,3M Company,150-241-8401,,43:09.0,13-08-1941,8/13/1941
366,Mari,Hiromoto,"Hiromoto, Mari",Mari Hiromoto,3M Health Information Systems,150-242-8400,,44:09.0,14-09-1941,9/14/1941
367,Mari,Onogi,"Onogi, Mari",Mari Onogi,"3M Precision Optics, Inc.",150-243-8399,,45:09.0,15-10-1941,10/15/1941
368,Maria,Anasis,"Anasis, Maria",Maria Anasis,3M United Kingdom PLC,150-244-8398,,46:09.0,16-11-1942,11/16/1942
369,Maria,Konda,"Konda, Maria",Maria Konda,"3PARdata, Inc.",150-245-8397,,47:09.0,17-12-1942,12/17/1942
370,Maria,Munoz,"Munoz, Maria",Maria Munoz,"3Si Holdings, Inc.",150-246-8396,,48:09.0,18-01-1942,1/18/1942
371,Marion,Williams,"Williams, Marion",Marion Williams,"3W Cyber Logistics, Inc.",150-247-8395,,49:09.1,19-02-1942,2/19/1942
372,Mark,Brooks,"Brooks, Mark",Mark Brooks,"3Ware, Inc.",150-248-8394,,50:09.1,20-03-1943,3/20/1943
373,Mark,Cooper,"Cooper, Mark",Mark Cooper,"4 Seasons Fireplace & Patio, Inc.",150-249-8393,,51:09.1,21-04-1943,4/21/1943
374,Mark,Finlayson,"Finlayson, Mark",Mark Finlayson,4B's Restaurants Inc.,150-250-8392,,52:09.1,22-05-1943,5/22/1943
375,Mark,Gale,"Gale, Mark",Mark Gale,4-D Neuroimaging,150-251-8391,,53:09.1,23-06-1943,6/23/1943
376,Mark,Proffitt,"Proffitt, Mark",Mark Proffitt,4Developers LLC,150-252-8390,,54:09.1,24-07-1944,7/24/1944
377,Mark,Wencek,"Wencek, Mark",Mark Wencek,"4Front Systems, Inc.",150-253-8389,,55:09.1,25-08-1944,8/25/1944
378,Marsha,Erickson,"Erickson, Marsha",Marsha Erickson,4Imprint Group Plc,150-254-8388,,56:09.1,26-09-1944,9/26/1944
379,Martin,Cowie,"Cowie, Martin",Martin Cowie,"4Kids Entertainment, Inc.",150-255-8387,,57:09.1,27-10-1945,10/27/1945
380,Martin,Sandoval,"Sandoval, Martin",Martin Sandoval,The 4Less Group plc,150-256-8386,,58:09.1,28-11-1945,11/28/1945
381,Mary Ann,Williams,"Williams, Mary Ann",Mary Ann Williams,"4Life Research, LC",150-257-8385,,59:09.1,29-12-1945,12/29/1945
382,Matthias,Janssen,"Janssen, Matthias",Matthias Janssen,4th Wave Inc.,150-258-8384,,00:09.1,30-01-1945,1/30/1945
384,Mehul,Shah,"Shah, Mehul",Mehul Shah,5 by 5 Software Ventures Ltd.,150-260-8382,,02:09.1,1/3/1946,3/1/1946
385,Melanie,Duval,"Duval, Melanie",Melanie Duval,5Banc Split Inc.,150-261-8381,,03:09.1,2/4/1946,4/2/1946
386,Michael,Aver,"Aver, Michael",Michael Aver,"5by5 Networks, Incorporated",150-262-8380,,04:09.1,3/5/1946,5/3/1946
387,Michael,Burggraf,"Burggraf, Michael",Michael Burggraf,"5G Wireless Communications, Inc.",150-263-8379,,05:09.1,4/6/1947,6/4/1947
388,Michael,Czapski,"Czapski, Michael",Michael Czapski,5Square Systems Corporation,150-264-8378,,06:09.1,5/7/1947,7/5/1947
389,Michael,Einhorn,"Einhorn, Michael",Michael Einhorn,5W Public Relations,150-265-8377,,07:09.1,6/8/1947,8/6/1947
390,Michael,Hagebolling,"Hagebolling, Michael",Michael Hagebolling,"7-Eleven, Inc.",150-266-8376,,08:09.1,7/9/1947,9/7/1947
391,Michael,Kappelman,"Kappelman, Michael",Michael Kappelman,8D Technologies Inc.,150-267-8375,,09:09.1,8/10/1948,10/8/1948
392,Michael,Libourel,"Libourel, Michael",Michael Libourel,8e6 Technologies,150-268-8374,,10:09.1,9/11/1948,11/9/1948
393,Michael,Lucero,"Lucero, Michael",Michael Lucero,"8x8, Inc.",150-269-8373,,11:09.1,10/12/1948,12/10/1948
394,Michael,Maszka,"Maszka, Michael",Michael Maszka,"10-K Wizard Technology, LLC",150-270-8372,,12:09.1,11/1/1948,1/11/1948
395,Michael,Norton,"Norton, Michael",Michael Norton,"20-20 Technologies, Inc.",150-271-8371,,13:09.1,12/2/1949,2/12/1949
396,Michael,Paparella,"Paparella, Michael",Michael Paparella,21 Carrot,150-272-8370,,14:45.1,13-03-1949,3/13/1949
397,Michael,Sienkiewicz,"Sienkiewicz, Michael",Michael Sienkiewicz,21st Century Holding Company,150-273-8369,,15:45.1,14-04-1949,4/14/1949
398,Michael,Sinclair,"Sinclair, Michael",Michael Sinclair,21st Century Insurance Group,150-274-8368,,16:45.1,15-05-1949,5/15/1949
399,Michael,Stoeckmann,"Stoeckmann, Michael",Michael Stoeckmann,"21st Century Security, Inc.",150-275-8367,,17:45.1,16-06-1950,6/16/1950
400,Michael,Warnke,"Warnke, Michael",Michael Warnke,"21st Century Technologies, Inc.",150-276-8366,,18:45.1,17-07-1950,7/17/1950
401,Michael,Warthen,"Warthen, Michael",Michael Warthen,"21st Century Toys, Inc.",150-277-8365,,19:45.1,18-08-1950,8/18/1950
402,Michele,Armstrong,"Armstrong, Michele",Michele Armstrong,23airmail,150-278-8364,,20:45.1,19-09-1950,9/19/1950
403,Michele,Monoghan,"Monoghan, Michele",Michele Monoghan,24/7 Customer Inc.,150-279-8363,,21:45.1,20-10-1951,10/20/1951
404,Michelle,Monaghan,"Monaghan, Michelle",Michelle Monaghan,"24/7 Real Media, Inc.",150-280-8362,,22:45.1,21-11-1951,11/21/1951
405,Mike,Kaufman,"Kaufman, Mike",Mike Kaufman,24 Hour Fitness Worldwide Inc.,150-281-8361,,23:45.1,22-12-1951,12/22/1951
406,Mike,Walsh,"Walsh, Mike",Mike Walsh,24 Seven Inc.,150-282-8360,,24:45.1,23-01-1951,1/23/1951
407,Mike,Wan,"Wan, Mike",Mike Wan,"51job, Inc.",150-283-8359,,25:45.1,24-02-1952,2/24/1952
408,Mireya,Molina,"Molina, Mireya",Mireya Molina,84 Lumber Company,150-284-8358,,26:45.1,25-03-1952,3/25/1952
409,Mitch,Noda,"Noda, Mitch",Mitch Noda,"99 Cent Stuff, Inc.",150-285-8357,,27:45.1,26-04-1952,4/26/1952
410,Mourad,Chaouch,"Chaouch, Mourad",Mourad Chaouch,99 Cents Only Stores,150-286-8356,,28:45.1,27-05-1952,5/27/1952
411,Murthy,Garimella,"Garimella, Murthy",Murthy Garimella,101communications LLC,150-287-8355,,29:45.1,28-06-1953,6/28/1953
412,Nakamoto,Naoko,"Naoko, Nakamoto",Nakamoto Naoko,"123Greetings.com, Inc.",150-288-8354,,30:45.1,29-07-1953,7/29/1953
413,Nancy,Walker,"Walker, Nancy",Nancy Walker,141 Worldwide,150-289-8353,,31:45.1,30-08-1953,8/30/1953
415,Neenet,Khachatourian,"Khachatourian, Neenet",Neenet Khachatourian,180 Connect Inc.,150-291-8351,,33:45.1,1/10/1954,10/1/1954
416,Neville,Dalal,"Dalal, Neville",Neville Dalal,"180s, LLC",150-292-8350,,34:45.1,2/11/1954,11/2/1954
417,Nick,Main,"Main, Nick",Nick Main,"360 Youth, LLC",150-293-8349,,35:45.1,3/12/1954,12/3/1954
418,Nicola,Fish,"Fish, Nicola",Nicola Fish,"360Commerce, Inc.",150-294-8348,,36:45.1,4/1/1955,1/4/1955
419,Nina,Foster,"Foster, Nina",Nina Foster,"360i.com, Inc.",150-295-8347,,37:45.1,5/2/1955,2/5/1955
420,Niru,Mandapaka,"Mandapaka, Niru",Niru Mandapaka,360networks Corporation,150-296-8346,,38:45.1,6/3/1955,3/6/1955
421,Nishigandha,Deokule,"Deokule, Nishigandha",Nishigandha Deokule,The 401(k) Company,150-297-8345,,39:45.1,7/4/1955,4/7/1955
422,Nitin,Patel,"Patel, Nitin",Nitin Patel,454 Life Sciences,150-298-8344,,40:45.1,8/5/1956,5/8/1956
423,Njeri,Mutura,"Mutura, Njeri",Njeri Mutura,The 600 Group PLC,150-299-8343,,41:45.1,9/6/1956,6/9/1956
424,Noel,Ang,"Ang, Noel",Noel Ang,724 Solutions Inc.,150-300-8342,,42:45.1,10/7/1956,7/10/1956
425,Norbert,Piega,"Piega, Norbert",Norbert Piega,"  S. Abraham & Sons, Inc.",150-301-8341,,43:45.1,11/8/1956,8/11/1956
426,Noreen,Hurley-Storace,"Hurley-Storace, Noreen",Noreen Hurley-Storace, S. Jennings Ltd.,150-302-8340,,44:45.1,12/9/1957,9/12/1957
427,Norm,Garcia,"Garcia, Norm",Norm Garcia, S1 Corporation,150-303-8339,,45:45.1,13-10-1957,10/13/1957
428,Norm,Stahlberg,"Stahlberg, Norm",Norm Stahlberg," S2 Systems, Incorporated",150-304-8338,,46:45.1,14-11-1957,11/14/1957
429,Olivier,Barbe,"Barbe, Olivier",Olivier Barbe," S2 Technologies, L.L.C.",150-305-8337,,00:00.0,1/1/1930,1/1/1930
430,Pamela,Der,"Der, Pamela",Pamela Der," S3 Investment Company, Inc.",150-306-8336,,01:00.0,2/2/1930,2/2/1930
431,Pamela,Sziebert,"Sziebert, Pamela",Pamela Sziebert, Saab AB,150-307-8335,,02:00.0,3/3/1930,3/3/1930
432,Pat,Pruchnickyj,"Pruchnickyj, Pat",Pat Pruchnickyj, Saab Automobile AB,150-308-8334,,03:00.0,4/4/1931,4/4/1931
433,Patrick,Harris,"Harris, Patrick",Patrick Harris,"  0-In Design Automation, Inc.",150-309-8333,,04:00.0,5/5/1931,5/5/1931
434,Patrick,Menahen,"Menahen, Patrick",Patrick Menahen,"1-800 CONTACTS, INC.",150-310-8332,,05:00.0,6/6/1931,6/6/1931
435,Paul,Anderson,"Anderson, Paul",Paul Anderson,"1-800-ATTORNEY, Inc.",150-311-8331,,06:00.0,7/7/1931,7/7/1931
436,Paul,Barros,"Barros, Paul",Paul Barros,"1-800-FLOWERS.COM, Inc.",150-312-8330,,07:00.0,8/8/1932,8/8/1932
437,Paul,Boulad,"Boulad, Paul",Paul Boulad,1-800-GOT-JUNK? LLC,150-313-8329,,08:00.0,9/9/1932,9/9/1932
438,Paul,Carpenter,"Carpenter, Paul",Paul Carpenter,01 Communique Laboratory Inc.,150-314-8328,,09:00.0,10/10/1932,10/10/1932
439,Paul,Hoffman,"Hoffman, Paul",Paul Hoffman,"1-Day Paint & Body Centers, Inc.",150-315-8327,,10:00.0,11/11/1932,11/11/1932
440,Paul,Holden,"Holden, Paul",Paul Holden,1E Limited,150-316-8326,,11:00.0,12/12/1933,12/12/1933
441,Paul,Mayle,"Mayle, Paul",Paul Mayle,"1mage Software, Inc.",150-317-8325,,12:00.0,13-01-1933,1/13/1933
442,Paul,Modessa,"Modessa, Paul",Paul Modessa,1st Centennial Bancorp,150-318-8324,,13:00.0,14-02-1933,2/14/1933
443,Paul,Swann,"Swann, Paul",Paul Swann,"1st Colonial Bancorp, Inc.",150-319-8323,,14:00.0,15-03-1933,3/15/1933
444,Peder,Daxberg,"Daxberg, Peder",Peder Daxberg,1st Communications Limited,150-320-8322,,15:00.0,16-04-1934,4/16/1934
445,Pete,Hatton,"Hatton, Pete",Pete Hatton,1st Constitution Bancorp,150-321-8321,,16:00.0,17-05-1934,5/17/1934
446,Peter,Berkman,"Berkman, Peter",Peter Berkman,1st Dental Laboratories PLC,150-322-8320,,17:00.0,18-06-1934,6/18/1934
447,Peter,Hatton,"Hatton, Peter",Peter Hatton,1st Franklin Financial Corporation,150-323-8319,,18:00.0,19-07-1934,7/19/1934
448,Peter,Vaneris,"Vaneris, Peter",Peter Vaneris,"1st Independence Financial Group, Inc.",150-324-8318,,19:00.0,20-08-1935,8/20/1935
449,Peter,Walklett,"Walklett, Peter",Peter Walklett,1st Silicon (Malaysia) Sdn. Bhd.,150-325-8317,,20:00.0,21-09-1935,9/21/1935
450,Phil,LeFrancois,"LeFrancois, Phil",Phil LeFrancois,1st Source Corporation,150-326-8316,,21:00.0,22-10-1935,10/22/1935
451,Philip,Chan,"Chan, Philip",Philip Chan,"1st State Bancorp, Inc.",150-327-8315,,22:00.0,23-11-1936,11/23/1936
452,Philip,LeFrancois,"LeFrancois, Philip",Philip LeFrancois,1stWorks Corporation,150-328-8314,,23:00.0,24-12-1936,12/24/1936
453,Philippe,Ramanantsoa,"Ramanantsoa, Philippe",Philippe Ramanantsoa,"1to1 Contact Centers, Inc.",150-329-8313,,24:09.0,25-01-1936,1/25/1936
454,Phillippe,Ma,"Ma, Phillippe",Phillippe Ma,II-VI Incorporated,150-330-8312,,25:09.0,26-02-1936,2/26/1936
455,Pin,Tan Wee,"Tan Wee, Pin",Pin Tan Wee,2 Travel Group PLC,150-331-8311,,26:09.0,27-03-1937,3/27/1937
456,Pradeep,Kandi,"Kandi, Pradeep",Pradeep Kandi,"2AB, Inc.",150-332-8310,,27:09.0,28-04-1937,4/28/1937
457,Prashant,Ponnalla,"Ponnalla, Prashant",Prashant Ponnalla,"2b interactive, inc.",150-333-8309,,28:09.0,29-05-1937,5/29/1937
458,Rachel,Fraser,"Fraser, Rachel",Rachel Fraser,"2logical, Inc.",150-334-8308,,29:09.0,30-06-1937,6/30/1937
459,Rajesh,Dhingra,"Dhingra, Rajesh",Rajesh Dhingra,"2nd Swing, Inc.",150-335-8307,,30:09.0,31-07-1938,7/31/1938
460,Rajesh,Persad,"Persad, Rajesh",Rajesh Persad,"2Wire, Inc.",150-336-8306,,31:09.0,1/8/1938,8/1/1938
461,Raleigh,Chilton,"Chilton, Raleigh",Raleigh Chilton,3C Software,150-337-8305,,32:09.0,2/9/1938,9/2/1938
462,Ramon,Spontelli,"Spontelli, Ramon",Ramon Spontelli,3CI Complete Compliance Corporation,150-338-8304,,33:09.0,3/10/1938,10/3/1938
463,Randy,Case,"Case, Randy",Randy Case,3Com Corporation,150-339-8303,,34:09.0,4/11/1939,11/4/1939
464,Rasmus,VanderColff,"VanderColff, Rasmus",Rasmus VanderColff,3D Nature LLC,150-340-8302,,35:09.0,5/12/1939,12/5/1939
465,Rasmus,van der Colff,"van der Colff, Rasmus",Rasmus van der Colff,3D Systems Corporation,150-341-8301,,36:09.0,6/1/1939,1/6/1939
466,Rasta,Mansour,"Mansour, Rasta",Rasta Mansour,"3Dlabs Inc., Ltd.",150-342-8300,,37:09.0,7/2/1939,2/7/1939
467,Ray,Gear,"Gear, Ray",Ray Gear,3DM Worldwide plc,150-343-8299,,38:09.0,8/3/1940,3/8/1940
468,Ray,Tsang,"Tsang, Ray",Ray Tsang,3dOnThe.Net Inc.,150-344-8298,,39:09.0,9/4/1940,4/9/1940
469,Ray,Walker,"Walker, Ray",Ray Walker,3DSP Corporation,150-345-8297,,40:09.0,10/5/1940,5/10/1940
470,Raymond,Tam,"Tam, Raymond",Raymond Tam,"3E Company, Inc.",150-346-8296,,41:09.0,11/6/1940,6/11/1940
471,Remedios,La-Sangre,"La-Sangre, Remedios",Remedios La-Sangre,3H Technology L.L.C.,150-347-8295,,42:09.0,12/7/1941,7/12/1941
472,Reuven,Damir,"Damir, Reuven",Reuven Damir,3i Group plc,150-348-8294,,43:09.0,13-08-1941,8/13/1941
473,Rex,Chan,"Chan, Rex",Rex Chan,3M Company,150-349-8293,,44:09.0,14-09-1941,9/14/1941
474,Rhea,Mersman,"Mersman, Rhea",Rhea Mersman,3M Health Information Systems,150-350-8292,,45:09.0,15-10-1941,10/15/1941
475,Rich,Cramer,"Cramer, Rich",Rich Cramer,"3M Precision Optics, Inc.",150-351-8291,,46:09.0,16-11-1942,11/16/1942
476,Richard,Arnfield,"Arnfield, Richard",Richard Arnfield,3M United Kingdom PLC,150-352-8290,,47:09.0,17-12-1942,12/17/1942
477,Richard,Clements,"Clements, Richard",Richard Clements,"3PARdata, Inc.",150-353-8289,,48:09.0,18-01-1942,1/18/1942
478,Richard,Cramer,"Cramer, Richard",Richard Cramer,"3Si Holdings, Inc.",150-354-8288,,49:09.1,19-02-1942,2/19/1942
479,Richard,Ellery,"Ellery, Richard",Richard Ellery,"3W Cyber Logistics, Inc.",150-355-8287,,50:09.1,20-03-1943,3/20/1943
480,Richard,Garcia,"Garcia, Richard",Richard Garcia,"3Ware, Inc.",150-356-8286,,51:09.1,21-04-1943,4/21/1943
481,Richard,Levy,"Levy, Richard",Richard Levy,"4 Seasons Fireplace & Patio, Inc.",150-357-8285,,52:09.1,22-05-1943,5/22/1943
482,Richard,Mitchell,"Mitchell, Richard",Richard Mitchell,4B's Restaurants Inc.,150-358-8284,,53:09.1,23-06-1943,6/23/1943
483,Richard,Poon,"Poon, Richard",Richard Poon,4-D Neuroimaging,150-359-8283,,54:09.1,24-07-1944,7/24/1944
484,Rob,Psimas,"Psimas, Rob",Rob Psimas,4Developers LLC,150-360-8282,,55:09.1,25-08-1944,8/25/1944
485,Rob,Read,"Read, Rob",Rob Read,"4Front Systems, Inc.",150-361-8281,,56:09.1,26-09-1944,9/26/1944
486,Robert,Chan,"Chan, Robert",Robert Chan,4Imprint Group Plc,150-362-8280,,57:09.1,27-10-1945,10/27/1945
487,Robert,Keatley,"Keatley, Robert",Robert Keatley,"4Kids Entertainment, Inc.",150-363-8279,,58:09.1,28-11-1945,11/28/1945
488,Robert,Novella,"Novella, Robert",Robert Novella,The 4Less Group plc,150-364-8278,,59:09.1,29-12-1945,12/29/1945
489,Robert,Psimas,"Psimas, Robert",Robert Psimas,"4Life Research, LC",150-365-8277,,00:09.1,30-01-1945,1/30/1945
491,Rodney C.,Schaerer,"Schaerer, Rodney C.",Rodney C. Schaerer,5 & Diner Franchise Corporation,150-367-8275,,02:09.1,1/3/1946,3/1/1946
492,Roland,Gomez,"Gomez, Roland",Roland Gomez,5 by 5 Software Ventures Ltd.,150-368-8274,,03:09.1,2/4/1946,4/2/1946
493,Roland,Halfpaap,"Halfpaap, Roland",Roland Halfpaap,5Banc Split Inc.,150-369-8273,,04:09.1,3/5/1946,5/3/1946
494,Rolf,Bernau,"Bernau, Rolf",Rolf Bernau,"5by5 Networks, Incorporated",150-370-8272,,05:09.1,4/6/1947,6/4/1947
495,Ron,Jacobus,"Jacobus, Ron",Ron Jacobus,"5G Wireless Communications, Inc.",150-371-8271,,06:09.1,5/7/1947,7/5/1947
496,Ron,Nuttall,"Nuttall, Ron",Ron Nuttall,5Square Systems Corporation,150-372-8270,,07:09.1,6/8/1947,8/6/1947
497,Ronald,Pinkerton,"Pinkerton, Ronald",Ronald Pinkerton,5W Public Relations,150-373-8269,,08:09.1,7/9/1947,9/7/1947
498,Rosa,Gomez,"Gomez, Rosa",Rosa Gomez,"7-Eleven, Inc.",150-374-8268,,09:09.1,8/10/1948,10/8/1948
499,Rupesh,Ramachandran,"Ramachandran, Rupesh",Rupesh Ramachandran,8D Technologies Inc.,150-375-8267,,10:09.1,9/11/1948,11/9/1948
500,Russ,Williams,"Williams, Russ",Russ Williams,8e6 Technologies,150-376-8266,,11:09.1,10/12/1948,12/10/1948
501,Russell,Adger,"Adger, Russell",Russell Adger,"8x8, Inc.",150-377-8265,,12:09.1,11/1/1948,1/11/1948
502,Ruth,Bunyan,"Bunyan, Ruth",Ruth Bunyan,"10-K Wizard Technology, LLC",150-378-8264,,13:09.1,12/2/1949,2/12/1949
503,Ryan,Seaver,"Seaver, Ryan",Ryan Seaver,"20-20 Technologies, Inc.",150-379-8263,,14:45.1,13-03-1949,3/13/1949
504,Ryan.L,Seaver,"Seaver, Ryan.L",Ryan.L Seaver,21 Carrot,150-380-8262,,15:45.1,14-04-1949,4/14/1949
505,Sacha,Sandhar,"Sandhar, Sacha",Sacha Sandhar,21st Century Holding Company,150-381-8261,,16:45.1,15-05-1949,5/15/1949
506,Sam,Maccherola,"Maccherola, Sam",Sam Maccherola,21st Century Insurance Group,150-382-8260,,17:45.1,16-06-1950,6/16/1950
507,Samantha,Ottaway,"Ottaway, Samantha",Samantha Ottaway,"21st Century Security, Inc.",150-383-8259,,18:45.1,17-07-1950,7/17/1950
508,Sami,Horani,"Horani, Sami",Sami Horani,"21st Century Technologies, Inc.",150-384-8258,,19:45.1,18-08-1950,8/18/1950
509,Samual,Tsai,"Tsai, Samual",Samual Tsai,"21st Century Toys, Inc.",150-385-8257,,20:45.1,19-09-1950,9/19/1950
510,Samuel,Maccherola,"Maccherola, Samuel",Samuel Maccherola,23airmail,150-386-8256,,21:45.1,20-10-1951,10/20/1951
511,Samy,Hindaoui,"Hindaoui, Samy",Samy Hindaoui,24/7 Customer Inc.,150-387-8255,,22:45.1,21-11-1951,11/21/1951
512,Sandi,Tanji,"Tanji, Sandi",Sandi Tanji,"24/7 Real Media, Inc.",150-388-8254,,23:45.1,22-12-1951,12/22/1951
513,Sangre-Remedios,La,"La, Sangre-Remedios",Sangre-Remedios La,24 Hour Fitness Worldwide Inc.,150-389-8253,,24:45.1,23-01-1951,1/23/1951
514,Sanjay,Patel,"Patel, Sanjay",Sanjay Patel,24 Seven Inc.,150-390-8252,,25:45.1,24-02-1952,2/24/1952
515,Sanjeevan,Pujji,"Pujji, Sanjeevan",Sanjeevan Pujji,"51job, Inc.",150-391-8251,,26:45.1,25-03-1952,3/25/1952
516,Sati,Brar,"Brar, Sati",Sati Brar,84 Lumber Company,150-392-8250,,27:45.1,26-04-1952,4/26/1952
517,Scott,Harper,"Harper, Scott",Scott Harper,"99 Cent Stuff, Inc.",150-393-8249,,28:45.1,27-05-1952,5/27/1952
518,Scott,Steadman,"Steadman, Scott",Scott Steadman,99 Cents Only Stores,150-394-8248,,29:45.1,28-06-1953,6/28/1953
519,Sean,Gallagher,"Gallagher, Sean",Sean Gallagher,101communications LLC,150-395-8247,,30:45.1,29-07-1953,7/29/1953
520,Sean,Keane,"Keane, Sean",Sean Keane,"123Greetings.com, Inc.",150-396-8246,,31:45.1,30-08-1953,8/30/1953
522,Servicea-Oscar,MonPro,"MonPro, Servicea-Oscar",Servicea-Oscar MonPro,"170 Systems, Inc.",150-398-8244,,33:45.1,1/10/1954,10/1/1954
523,Shant,Gharibi,"Gharibi, Shant",Shant Gharibi,180 Connect Inc.,150-399-8243,,34:45.1,2/11/1954,11/2/1954
524,Shashi,Ravulapelli,"Ravulapelli, Shashi",Shashi Ravulapelli,"180s, LLC",150-400-8242,,35:45.1,3/12/1954,12/3/1954
525,Shelby,Yang,"Yang, Shelby",Shelby Yang,"360 Youth, LLC",150-401-8241,,36:45.1,4/1/1955,1/4/1955
526,Shiby,Surendranath,"Surendranath, Shiby",Shiby Surendranath,"360Commerce, Inc.",150-402-8240,,37:45.1,5/2/1955,2/5/1955
527,Siddiq,Patel,"Patel, Siddiq",Siddiq Patel,"360i.com, Inc.",150-403-8239,,38:45.1,6/3/1955,3/6/1955
528,Simon,Hanson,"Hanson, Simon",Simon Hanson,360networks Corporation,150-404-8238,,39:45.1,7/4/1955,4/7/1955
529,Sirisha,Damarapati,"Damarapati, Sirisha",Sirisha Damarapati,The 401(k) Company,150-405-8237,,40:45.1,8/5/1956,5/8/1956
530,Sofiane,Ouaguenouni,"Ouaguenouni, Sofiane",Sofiane Ouaguenouni,454 Life Sciences,150-406-8236,,41:45.1,9/6/1956,6/9/1956
531,Sonny,Patel,"Patel, Sonny",Sonny Patel,The 600 Group PLC,150-407-8235,,42:45.1,10/7/1956,7/10/1956
532,Sophia,Kim,"Kim, Sophia",Sophia Kim,724 Solutions Inc.,150-408-8234,,43:45.1,11/8/1956,8/11/1956
533,Sridhar,Venkatesh,"Venkatesh, Sridhar",Sridhar Venkatesh,"  S. Abraham & Sons, Inc.",150-409-8233,,44:45.1,12/9/1957,9/12/1957
534,Sriniwas,Bondada,"Bondada, Sriniwas",Sriniwas Bondada, S. Jennings Ltd.,150-410-8232,,45:45.1,13-10-1957,10/13/1957
535,Stacy,Santeramo,"Santeramo, Stacy",Stacy Santeramo, S1 Corporation,150-411-8231,,46:45.1,14-11-1957,11/14/1957
536,Stan,Chen,"Chen, Stan",Stan Chen," S2 Systems, Incorporated",150-412-8230,,00:00.0,1/1/1930,1/1/1930
537,Stan,Christ,"Christ, Stan",Stan Christ," S2 Technologies, L.L.C.",150-413-8229,,01:00.0,2/2/1930,2/2/1930
538,Stan,Gibbs,"Gibbs, Stan",Stan Gibbs," S3 Investment Company, Inc.",150-414-8228,,02:00.0,3/3/1930,3/3/1930
539,Stan,Granch,"Granch, Stan",Stan Granch, Saab AB,150-415-8227,,03:00.0,4/4/1931,4/4/1931
540,Stan,Long,"Long, Stan",Stan Long, Saab Automobile AB,150-416-8226,,04:00.0,5/5/1931,5/5/1931
541,Stefan,Franczuk,"Franczuk, Stefan",Stefan Franczuk,"  0-In Design Automation, Inc.",150-417-8225,,05:00.0,6/6/1931,6/6/1931
542,Stelian,Markov,"Markov, Stelian",Stelian Markov,"1-800 CONTACTS, INC.",150-418-8224,,06:00.0,7/7/1931,7/7/1931
543,Stephanie,Meckler,"Meckler, Stephanie",Stephanie Meckler,"1-800-ATTORNEY, Inc.",150-419-8223,,07:00.0,8/8/1932,8/8/1932
544,Stephen,Buckingham,"Buckingham, Stephen",Stephen Buckingham,"1-800-FLOWERS.COM, Inc.",301-420-9001,,08:00.0,9/9/1932,9/9/1932
545,Stephen,Dai,"Dai, Stephen",Stephen Dai,1-800-GOT-JUNK? LLC,301-421-9002,,09:00.0,10/10/1932,10/10/1932
546,Stephen,Mahoney,"Mahoney, Stephen",Stephen Mahoney,01 Communique Laboratory Inc.,301-422-9003,,10:00.0,11/11/1932,11/11/1932
547,Stephen,Martinez,"Martinez, Stephen",Stephen Martinez,"1-Day Paint & Body Centers, Inc.",301-423-9004,,11:00.0,12/12/1933,12/12/1933
548,Stephen,Schmandt,"Schmandt, Stephen",Stephen Schmandt,1E Limited,301-424-9005,,12:00.0,13-01-1933,1/13/1933
549,Stephen Blair,Smith,"Smith, Stephen Blair",Stephen Blair Smith,"1mage Software, Inc.",301-425-9006,,13:00.0,14-02-1933,2/14/1933
550,Steve,Barnas,"Barnas, Steve",Steve Barnas,1st Centennial Bancorp,301-426-9007,,14:00.0,15-03-1933,3/15/1933
551,Steve,Hawes,"Hawes, Steve",Steve Hawes,"1st Colonial Bancorp, Inc.",301-427-9008,,15:00.0,16-04-1934,4/16/1934
552,Steve,Mahoney,"Mahoney, Steve",Steve Mahoney,1st Communications Limited,301-428-9009,,16:00.0,17-05-1934,5/17/1934
553,Steve,McDonald,"McDonald, Steve",Steve McDonald,1st Constitution Bancorp,301-429-9010,,17:00.0,18-06-1934,6/18/1934
554,Steve,Wang,"Wang, Steve",Steve Wang,1st Dental Laboratories PLC,301-430-9011,,18:00.0,19-07-1934,7/19/1934
555,Stewart,Anderson,"Anderson, Stewart",Stewart Anderson,1st Franklin Financial Corporation,301-431-9012,,19:00.0,20-08-1935,8/20/1935
556,Stuart,Cranch,"Cranch, Stuart",Stuart Cranch,"1st Independence Financial Group, Inc.",301-432-9013,,20:00.0,21-09-1935,9/21/1935
557,Stuart,Horne,"Horne, Stuart",Stuart Horne,1st Silicon (Malaysia) Sdn. Bhd.,301-433-9014,,21:00.0,22-10-1935,10/22/1935
558,Suhanto,Wihardja,"Wihardja, Suhanto",Suhanto Wihardja,1st Source Corporation,301-434-9015,,22:00.0,23-11-1936,11/23/1936
559,Sury,Ramakrishnan,"Ramakrishnan, Sury",Sury Ramakrishnan,"1st State Bancorp, Inc.",301-435-9016,,23:00.0,24-12-1936,12/24/1936
560,Susan,Boardman,"Boardman, Susan",Susan Boardman,1stWorks Corporation,301-436-9017,,24:09.0,25-01-1936,1/25/1936
561,Susan,Chen,"Chen, Susan",Susan Chen,"1to1 Contact Centers, Inc.",301-437-9018,,25:09.0,26-02-1936,2/26/1936
562,Susan,Semple,"Semple, Susan",Susan Semple,II-VI Incorporated,301-438-9019,,26:09.0,27-03-1937,3/27/1937
563,Susanne,Ramirez-Zimmerman,"Ramirez-Zimmerman, Susanne",Susanne Ramirez-Zimmerman,2 Travel Group PLC,301-439-9020,,27:09.0,28-04-1937,4/28/1937
564,Swaranjit,Dua,"Dua, Swaranjit",Swaranjit Dua,"2AB, Inc.",301-440-9021,,28:09.0,29-05-1937,5/29/1937
565,Swaroop,Chary,"Chary, Swaroop",Swaroop Chary,"2b interactive, inc.",301-441-9022,,29:09.0,30-06-1937,6/30/1937
566,Tammie,Hutto,"Hutto, Tammie",Tammie Hutto,"2logical, Inc.",301-442-9023,,30:09.0,31-07-1938,7/31/1938
567,Terry,Braun,"Braun, Terry",Terry Braun,"2nd Swing, Inc.",301-443-9024,,31:09.0,1/8/1938,8/1/1938
568,Thomas,Carter,"Carter, Thomas",Thomas Carter,"2Wire, Inc.",301-444-9025,,32:09.0,2/9/1938,9/2/1938
569,Thomas,Craver,"Craver, Thomas",Thomas Craver,3C Software,301-445-9026,,33:09.0,3/10/1938,10/3/1938
570,Tiang Ng,Luan,"Luan, Tiang Ng",Tiang Ng Luan,3CI Complete Compliance Corporation,301-446-9027,,34:09.0,4/11/1939,11/4/1939
571,Tiang-Ng,Luan,"Luan, Tiang-Ng",Tiang-Ng Luan,3Com Corporation,301-447-9028,,35:09.0,5/12/1939,12/5/1939
572,Tiffany,Chiu,"Chiu, Tiffany",Tiffany Chiu,3D Nature LLC,301-448-9029,,36:09.0,6/1/1939,1/6/1939
573,Tim,Dawes,"Dawes, Tim",Tim Dawes,3D Systems Corporation,301-449-9030,,37:09.0,7/2/1939,2/7/1939
574,Tim,Taylor,"Taylor, Tim",Tim Taylor,"3Dlabs Inc., Ltd.",301-450-9031,,38:09.0,8/3/1940,3/8/1940
575,Tim,Wassman,"Wassman, Tim",Tim Wassman,3DM Worldwide plc,301-451-9032,,39:09.0,9/4/1940,4/9/1940
576,Timothy,Dawes,"Dawes, Timothy",Timothy Dawes,3dOnThe.Net Inc.,301-452-9033,,40:09.0,10/5/1940,5/10/1940
577,Tom,Craver,"Craver, Tom",Tom Craver,3DSP Corporation,301-453-9034,,41:09.0,11/6/1940,6/11/1940
578,Tom,Davies,"Davies, Tom",Tom Davies,"3E Company, Inc.",301-454-9035,,42:09.0,12/7/1941,7/12/1941
579,Tom,O'Malley,"O'Malley, Tom",Tom O'Malley,3H Technology L.L.C.,301-455-9036,,43:09.0,13-08-1941,8/13/1941
580,Tom.,Craver,"Craver, Tom.",Tom. Craver,3i Group plc,301-456-9037,,44:09.0,14-09-1941,9/14/1941
581,Tracy,Smith,"Smith, Tracy",Tracy Smith,3M Company,301-457-9038,,45:09.0,15-10-1941,10/15/1941
582,Tushar,Shah,"Shah, Tushar",Tushar Shah,3M Health Information Systems,301-458-9039,,46:09.0,16-11-1942,11/16/1942
583,Ugo,Corda,"Corda, Ugo",Ugo Corda,"3M Precision Optics, Inc.",301-459-9040,,47:09.0,17-12-1942,12/17/1942
584,Valerie,Von Sosen,"Von Sosen, Valerie",Valerie Von Sosen,3M United Kingdom PLC,301-460-9041,,48:09.0,18-01-1942,1/18/1942
585,Vanessa,Flint,"Flint, Vanessa",Vanessa Flint,"3PARdata, Inc.",301-461-9042,,49:09.1,19-02-1942,2/19/1942
586,Vangie,Wong,"Wong, Vangie",Vangie Wong,"3Si Holdings, Inc.",301-462-9043,,50:09.1,20-03-1943,3/20/1943
587,Vasantha,Sripathi,"Sripathi, Vasantha",Vasantha Sripathi,"3W Cyber Logistics, Inc.",301-463-9044,,51:09.1,21-04-1943,4/21/1943
588,Venugo,Venkataraman,"Venkataraman, Venugo",Venugo Venkataraman,"3Ware, Inc.",301-464-9045,,52:09.1,22-05-1943,5/22/1943
589,Veronica,Garay,"Garay, Veronica",Veronica Garay,"4 Seasons Fireplace & Patio, Inc.",301-465-9046,,53:09.1,23-06-1943,6/23/1943
590,Veronica,Hurrell,"Hurrell, Veronica",Veronica Hurrell,4B's Restaurants Inc.,301-466-9047,,54:09.1,24-07-1944,7/24/1944
591,Veronica,Velazquez,"Velazquez, Veronica",Veronica Velazquez,4-D Neuroimaging,301-467-9048,,55:09.1,25-08-1944,8/25/1944
592,Vijay,Vanarase,"Vanarase, Vijay",Vijay Vanarase,4Developers LLC,301-468-9049,,56:09.1,26-09-1944,9/26/1944
593,Vince,Keehan,"Keehan, Vince",Vince Keehan,"4Front Systems, Inc.",301-469-9050,,57:09.1,27-10-1945,10/27/1945
594,Violeta,Chinni,"Chinni, Violeta",Violeta Chinni,4Imprint Group Plc,301-470-9051,,58:09.1,28-11-1945,11/28/1945
595,Vivian,Bao,"Bao, Vivian",Vivian Bao,"4Kids Entertainment, Inc.",301-471-9052,,59:09.1,29-12-1945,12/29/1945
596,Volker,Lang,"Lang, Volker",Volker Lang,The 4Less Group plc,301-472-9053,,00:09.1,30-01-1945,1/30/1945
598,Walt,Baaske,"Baaske, Walt",Walt Baaske,4th Wave Inc.,301-474-9055,,02:09.1,1/3/1946,3/1/1946
599,Ward,Fuller,"Fuller, Ward",Ward Fuller,5 & Diner Franchise Corporation,301-475-9056,,03:09.1,2/4/1946,4/2/1946
600,Ward,Keever,"Keever, Ward",Ward Keever,5 by 5 Software Ventures Ltd.,301-476-9057,,04:09.1,3/5/1946,5/3/1946
601,Wayne,Wagner,"Wagner, Wayne",Wayne Wagner,5Banc Split Inc.,301-477-9058,,05:09.1,4/6/1947,6/4/1947
602,Wee Pin,Tan,"Tan, Wee Pin",Wee Pin Tan,"5by5 Networks, Incorporated",301-478-9059,,06:09.1,5/7/1947,7/5/1947
603,Wenyi,Jiang,"Jiang, Wenyi",Wenyi Jiang,"5G Wireless Communications, Inc.",301-479-9060,,07:09.1,6/8/1947,8/6/1947
604,William,Chen,"Chen, William",William Chen,5Square Systems Corporation,301-480-9061,,08:09.1,7/9/1947,9/7/1947
605,Win,Galbraith,"Galbraith, Win",Win Galbraith,5W Public Relations,301-481-9062,,09:09.1,8/10/1948,10/8/1948
606,Winslow,Galbraith,"Galbraith, Winslow",Winslow Galbraith,"7-Eleven, Inc.",301-482-9063,,10:09.1,9/11/1948,11/9/1948
607,Xiaoming,Ding,"Ding, Xiaoming",Xiaoming Ding,8D Technologies Inc.,301-483-9064,,11:09.1,10/12/1948,12/10/1948
608,Yelena,Novak,"Novak, Yelena",Yelena Novak,8e6 Technologies,301-484-9065,,12:09.1,11/1/1948,1/11/1948
609,Yessika,Silva,"Silva, Yessika",Yessika Silva,"8x8, Inc.",301-485-9066,,13:09.1,12/2/1949,2/12/1949
610,Yijun,Huang,"Huang, Yijun",Yijun Huang,"10-K Wizard Technology, LLC",301-486-9067,,14:45.1,13-03-1949,3/13/1949
611,Yu-Ying,Pai,"Pai, Yu-Ying",Yu-Ying Pai,"20-20 Technologies, Inc.",301-487-9068,,15:45.1,14-04-1949,4/14/1949
612,Yura,Wang,"Wang, Yura",Yura Wang,21 Carrot,301-488-9069,,16:45.1,15-05-1949,5/15/1949
